additive_mass_fraction,calibrated_uncertainty,cas_number,comparison_eligible,complete_grid,expected_condition_count,experimental_winner,failure_counts,handling_approved,maximum_model_spread_delta_h_ratio,maximum_storage_bubble_pressure_ratio,maximum_viscosity_ratio_proxy,minimum_paired_delta_h_ratio,model_spread_is_uncertainty,name,pair_id,paired_condition_count,smiles
0.0001,,78-84-2,True,True,6,False,{},False,3.6518838714472146e-05,1.008797388072064,0.9999759529494411,0.9999204772367378,False,isobutyraldehyde,water-AMIMRNSIRUDHCM-UHFFFAOYSA-N,6,CC(C)C=O
0.000133352143216,,78-84-2,True,True,6,False,{},False,4.8699455248546464e-05,1.01173054717897,0.9999679320689288,0.9998939547589017,False,isobutyraldehyde,water-AMIMRNSIRUDHCM-UHFFFAOYSA-N,6,CC(C)C=O
0.000177827941004,,78-84-2,True,True,6,False,{},False,6.494319186789443e-05,1.0156412319708599,0.9999572355284239,0.9998585865192434,False,isobutyraldehyde,water-AMIMRNSIRUDHCM-UHFFFAOYSA-N,6,CC(C)C=O
0.000316227766017,,78-84-2,True,True,6,False,{},False,0.00011549502264862621,1.0278050525682292,0.9999239461894885,0.9997485279886441,False,isobutyraldehyde,water-AMIMRNSIRUDHCM-UHFFFAOYSA-N,6,CC(C)C=O
0.00056234132519,,78-84-2,True,True,6,False,{},False,0.00020540733632878894,1.0494153493504559,0.9998647340999214,0.9995528146183693,False,isobutyraldehyde,water-AMIMRNSIRUDHCM-UHFFFAOYSA-N,6,CC(C)C=O
0.001,,78-84-2,True,True,6,False,{},False,0.0003653503783939138,1.0877801168240209,0.999759393078655,0.9992047861441861,False,isobutyraldehyde,water-AMIMRNSIRUDHCM-UHFFFAOYSA-N,6,CC(C)C=O
0.00177827941004,,78-84-2,True,True,6,False,{},False,0.0006499437848457301,1.1558001077211244,0.9995719236696947,0.9985859087744485,False,isobutyraldehyde,water-AMIMRNSIRUDHCM-UHFFFAOYSA-N,6,CC(C)C=O
0.00316227766017,,78-84-2,True,True,6,False,{},False,0.0011565666627119109,1.2761174807837155,0.9992380957144772,0.997485417794477,False,isobutyraldehyde,water-AMIMRNSIRUDHCM-UHFFFAOYSA-N,6,CC(C)C=O
0.0056234132519,,78-84-2,True,True,6,False,{},False,0.0020591724162336567,1.4880571674382448,0.9986430134553879,0.9955285827918124,False,isobutyraldehyde,water-AMIMRNSIRUDHCM-UHFFFAOYSA-N,6,CC(C)C=O
0.01,,78-84-2,True,True,6,False,{},False,0.0036695572757220463,1.8586153637929275,0.9975802046543886,0.9920492449632121,False,isobutyraldehyde,water-AMIMRNSIRUDHCM-UHFFFAOYSA-N,6,CC(C)C=O
0.0293333333333,,78-84-2,True,True,6,False,{},False,0.010862491973358313,3.4010997223213453,0.9928138893758226,0.9766866096446996,False,isobutyraldehyde,water-AMIMRNSIRUDHCM-UHFFFAOYSA-N,6,CC(C)C=O
0.0486666666667,,78-84-2,True,True,6,False,{},False,0.04197609959226423,4.79618806823141,0.9879278943973943,0.9613358522163755,False,isobutyraldehyde,water-AMIMRNSIRUDHCM-UHFFFAOYSA-N,6,CC(C)C=O
0.068,,78-84-2,True,True,6,False,{},False,0.11755958147958856,6.052521229670929,0.982917716540334,0.9459972733308134,False,isobutyraldehyde,water-AMIMRNSIRUDHCM-UHFFFAOYSA-N,6,CC(C)C=O
0.0776666666667,,78-84-2,True,True,6,False,{},False,0.15528185465134248,6.63126485643084,0.9803645906887392,0.9383326472921144,False,isobutyraldehyde,water-AMIMRNSIRUDHCM-UHFFFAOYSA-N,6,CC(C)C=O
0.0873333333333,,78-84-2,True,True,6,False,{},False,0.19295727268445118,7.1784115273024645,0.9777786278103912,0.9306711827999281,False,isobutyraldehyde,water-AMIMRNSIRUDHCM-UHFFFAOYSA-N,6,CC(C)C=O
0.0970000000001,,78-84-2,True,True,6,False,{},False,0.2305855032727957,7.694950108668532,0.97515919950187,0.9230129200590287,False,isobutyraldehyde,water-AMIMRNSIRUDHCM-UHFFFAOYSA-N,6,CC(C)C=O
0.106666666667,,78-84-2,True,True,6,False,{},False,0.268166181771196,8.181849817817639,0.972505661519675,0.9153578998834584,False,isobutyraldehyde,water-AMIMRNSIRUDHCM-UHFFFAOYSA-N,6,CC(C)C=O
0.116333333334,,78-84-2,False,False,6,False,"{""inlet_not_single_liquid"": 6}",False,,,,,False,isobutyraldehyde,water-AMIMRNSIRUDHCM-UHFFFAOYSA-N,0,CC(C)C=O
0.126,,78-84-2,False,False,6,False,"{""inlet_not_single_liquid"": 6}",False,,,,,False,isobutyraldehyde,water-AMIMRNSIRUDHCM-UHFFFAOYSA-N,0,CC(C)C=O
0.145333333333,,78-84-2,False,False,6,False,"{""inlet_not_single_liquid"": 6}",False,,,,,False,isobutyraldehyde,water-AMIMRNSIRUDHCM-UHFFFAOYSA-N,0,CC(C)C=O
0.164666666667,,78-84-2,False,False,6,False,"{""inlet_not_single_liquid"": 6}",False,,,,,False,isobutyraldehyde,water-AMIMRNSIRUDHCM-UHFFFAOYSA-N,0,CC(C)C=O
0.184,,78-84-2,False,False,6,False,"{""inlet_not_single_liquid"": 6}",False,,,,,False,isobutyraldehyde,water-AMIMRNSIRUDHCM-UHFFFAOYSA-N,0,CC(C)C=O
0.203333333333,,78-84-2,False,False,6,False,"{""inlet_not_single_liquid"": 6}",False,,,,,False,isobutyraldehyde,water-AMIMRNSIRUDHCM-UHFFFAOYSA-N,0,CC(C)C=O
0.222666666667,,78-84-2,False,False,6,False,"{""inlet_not_single_liquid"": 6}",False,,,,,False,isobutyraldehyde,water-AMIMRNSIRUDHCM-UHFFFAOYSA-N,0,CC(C)C=O
0.242,,78-84-2,False,False,6,False,"{""inlet_not_single_liquid"": 6}",False,,,,,False,isobutyraldehyde,water-AMIMRNSIRUDHCM-UHFFFAOYSA-N,0,CC(C)C=O
0.261333333333,,78-84-2,False,False,6,False,"{""inlet_not_single_liquid"": 6}",False,,,,,False,isobutyraldehyde,water-AMIMRNSIRUDHCM-UHFFFAOYSA-N,0,CC(C)C=O
0.280666666667,,78-84-2,False,False,6,False,"{""inlet_not_single_liquid"": 12}",False,,,,,False,isobutyraldehyde,water-AMIMRNSIRUDHCM-UHFFFAOYSA-N,0,CC(C)C=O
0.3,,78-84-2,False,False,6,False,"{""inlet_not_single_liquid"": 12}",False,,,,,False,isobutyraldehyde,water-AMIMRNSIRUDHCM-UHFFFAOYSA-N,0,CC(C)C=O
0.0001,,67-64-1,True,True,6,False,{},False,1.8625970776842138e-05,1.0059558369953645,0.9999656567078841,0.9999227040781342,False,acetone,water-CSCPPACGZOOCGX-UHFFFAOYSA-N,6,CC(C)=O
0.000133352143216,,67-64-1,True,True,6,False,{},False,2.4836997830735008e-05,1.0079410133991407,0.9999542016924813,0.9998969246388519,False,acetone,water-CSCPPACGZOOCGX-UHFFFAOYSA-N,6,CC(C)=O
0.000177827941004,,67-64-1,True,True,6,False,{},False,3.311865369792777e-05,1.0105873374604812,0.9999389255679251,0.9998625475209922,False,acetone,water-CSCPPACGZOOCGX-UHFFFAOYSA-N,6,CC(C)=O
0.000316227766017,,67-64-1,True,True,6,False,{},False,5.888307195389686e-05,1.0188152202969036,0.9998913848059584,0.9997555750936916,False,acetone,water-CSCPPACGZOOCGX-UHFFFAOYSA-N,6,CC(C)=O
0.00056234132519,,67-64-1,True,True,6,False,{},False,0.00010467532490521236,1.0334207410379468,0.9998068272011011,0.9995653568892096,False,acetone,water-CSCPPACGZOOCGX-UHFFFAOYSA-N,6,CC(C)=O
0.001,,67-64-1,True,True,6,False,{},False,0.00018603070165890134,1.0593115726757865,0.9996564068575557,0.9992271231420868,False,acetone,water-CSCPPACGZOOCGX-UHFFFAOYSA-N,6,CC(C)=O
0.00177827941004,,67-64-1,True,True,6,False,{},False,0.00033046343224607533,1.1050949917552575,0.9993887487983674,0.9986257354856407,False,acetone,water-CSCPPACGZOOCGX-UHFFFAOYSA-N,6,CC(C)=O
0.00316227766017,,67-64-1,True,True,6,False,{},False,0.000586550105915018,1.185702257411269,0.9989122439417871,0.9975565730352238,False,acetone,water-CSCPPACGZOOCGX-UHFFFAOYSA-N,6,CC(C)=O
0.0056234132519,,67-64-1,True,True,6,False,{},False,0.001039575226229772,1.326524177297253,0.9980631924736411,0.9956561631688594,False,acetone,water-CSCPPACGZOOCGX-UHFFFAOYSA-N,6,CC(C)=O
0.01,,67-64-1,True,True,6,False,{},False,0.0018377980212087586,1.5691742827165014,0.9965479669004078,0.9922794047764126,False,acetone,water-CSCPPACGZOOCGX-UHFFFAOYSA-N,6,CC(C)=O
0.0293333333333,,67-64-1,True,True,6,False,{},False,0.005255978211869516,2.5311560518042686,0.9897711212441314,0.9774032991485986,False,acetone,water-CSCPPACGZOOCGX-UHFFFAOYSA-N,6,CC(C)=O
0.0486666666667,,67-64-1,True,True,6,False,{},False,0.008511592755091502,3.335896225015954,0.9828552459526221,0.9625910838392162,False,acetone,water-CSCPPACGZOOCGX-UHFFFAOYSA-N,6,CC(C)=O
0.068,,67-64-1,True,True,6,False,{},False,0.01162203739610923,4.009066237614278,0.9757961937131224,0.9478398031715446,False,acetone,water-CSCPPACGZOOCGX-UHFFFAOYSA-N,6,CC(C)=O
0.0873333333333,,67-64-1,True,True,6,False,{},False,0.014603815489108718,4.5721255479419805,0.968589661052767,0.9331465515799715,False,acetone,water-CSCPPACGZOOCGX-UHFFFAOYSA-N,6,CC(C)=O
0.106666666667,,67-64-1,True,True,6,False,{},False,0.017472532031612475,5.0430420442996455,0.9612311817382462,0.9185084726606041,False,acetone,water-CSCPPACGZOOCGX-UHFFFAOYSA-N,6,CC(C)=O
0.126,,67-64-1,True,True,6,False,{},False,0.048793333062657096,5.436884105924303,0.9537161199216865,0.9039227582394989,False,acetone,water-CSCPPACGZOOCGX-UHFFFAOYSA-N,6,CC(C)=O
0.135666666667,,67-64-1,True,True,6,False,{},False,0.09358728726580234,5.608940059106465,0.9498983737486796,0.8966486731222991,False,acetone,water-CSCPPACGZOOCGX-UHFFFAOYSA-N,6,CC(C)=O
0.145333333333,,67-64-1,True,True,6,False,{},False,0.12579408482254817,5.7663081378639705,0.9460396630297598,0.8893866474537857,False,acetone,water-CSCPPACGZOOCGX-UHFFFAOYSA-N,6,CC(C)=O
0.155,,67-64-1,True,True,6,False,{},False,0.1201663582506769,5.910259471148391,0.9421393573713278,0.8821363433697567,False,acetone,water-CSCPPACGZOOCGX-UHFFFAOYSA-N,6,CC(C)=O
0.164666666667,,67-64-1,True,True,6,False,{},False,0.11471346444092778,6.041960802214336,0.9381968144017468,0.8748974258539369,False,acetone,water-CSCPPACGZOOCGX-UHFFFAOYSA-N,6,CC(C)=O
0.174333333333,,67-64-1,True,True,6,False,{},False,0.10943149260268292,6.162483453994279,0.934211379526636,0.8676695627086717,False,acetone,water-CSCPPACGZOOCGX-UHFFFAOYSA-N,6,CC(C)=O
0.184,,67-64-1,True,True,6,False,{},False,0.10431726295774979,6.272811491553921,0.930182385680411,0.8604524245259609,False,acetone,water-CSCPPACGZOOCGX-UHFFFAOYSA-N,6,CC(C)=O
0.203333333333,,67-64-1,True,True,6,False,{},False,0.09457707037612906,6.466427642751881,0.9219909889594067,0.8460490192267681,False,acetone,water-CSCPPACGZOOCGX-UHFFFAOYSA-N,6,CC(C)=O
0.222666666667,,67-64-1,True,True,6,False,{},False,0.08546429668964439,6.629203120890738,0.9136170287072295,0.8316846295485184,False,acetone,water-CSCPPACGZOOCGX-UHFFFAOYSA-N,6,CC(C)=O
0.242,,67-64-1,True,True,6,False,{},False,0.0769514131119855,6.766547996932309,0.9050546934821573,0.8173567181079346,False,acetone,water-CSCPPACGZOOCGX-UHFFFAOYSA-N,6,CC(C)=O
0.261333333333,,67-64-1,True,True,6,False,{},False,0.06901144780400426,6.883046504382458,0.8962979474582515,0.8030627897576214,False,acetone,water-CSCPPACGZOOCGX-UHFFFAOYSA-N,6,CC(C)=O
0.280666666667,,67-64-1,True,True,6,False,{},False,0.061618181454274,6.982588716331237,0.8873405218021133,0.7888003908375768,False,acetone,water-CSCPPACGZOOCGX-UHFFFAOYSA-N,6,CC(C)=O
0.3,,67-64-1,True,True,6,False,{},False,0.0547461175611188,7.068480476804248,0.8781759059379247,0.7745671084664295,False,acetone,water-CSCPPACGZOOCGX-UHFFFAOYSA-N,6,CC(C)=O
0.0001,,123-86-4,True,True,6,False,{},False,2.9760786005361695e-05,1.0134200757735674,0.9999949875405951,0.9999150826916532,False,butyl acetate,water-DKPFZGUDAPQIHT-UHFFFAOYSA-N,6,CCCCOC(C)=O
0.000177827941004,,123-86-4,True,True,6,False,{},False,5.291473948310088e-05,1.0238399973278947,0.9999910858778175,0.9998489955261166,False,butyl acetate,water-DKPFZGUDAPQIHT-UHFFFAOYSA-N,6,CCCCOC(C)=O
0.000316227766017,,123-86-4,True,True,6,False,{},False,9.407110102632732e-05,1.0423163579966246,0.9999841464009462,0.9997314788948283,False,butyl acetate,water-DKPFZGUDAPQIHT-UHFFFAOYSA-N,6,CCCCOC(C)=O
0.00056234132519,,123-86-4,True,True,6,False,{},False,0.00016720224746891166,1.0750049125084058,0.9999718021801232,0.9995225167083106,False,butyl acetate,water-DKPFZGUDAPQIHT-UHFFFAOYSA-N,6,CCCCOC(C)=O
0.001,,123-86-4,True,True,6,False,{},False,0.00029707185882177356,1.1326075332756114,0.9999498383905612,0.9991509716516471,False,butyl acetate,water-DKPFZGUDAPQIHT-UHFFFAOYSA-N,6,CCCCOC(C)=O
0.00177827941004,,123-86-4,True,True,6,False,{},False,0.0005274547626431536,1.2333929576104585,0.9999107416429689,0.9984904126531762,False,butyl acetate,water-DKPFZGUDAPQIHT-UHFFFAOYSA-N,6,CCCCOC(C)=O
0.00316227766017,,123-86-4,True,True,6,False,{},False,0.0009353716517266353,1.4075034937698236,0.9998410931320889,0.9973162336588163,False,butyl acetate,water-DKPFZGUDAPQIHT-UHFFFAOYSA-N,6,CCCCOC(C)=O
0.0056234132519,,123-86-4,False,False,6,False,"{""inlet_not_single_liquid"": 6}",False,,,,,False,butyl acetate,water-DKPFZGUDAPQIHT-UHFFFAOYSA-N,0,CCCCOC(C)=O
0.01,,123-86-4,False,False,6,False,"{""inlet_not_single_liquid"": 12}",False,,,,,False,butyl acetate,water-DKPFZGUDAPQIHT-UHFFFAOYSA-N,0,CCCCOC(C)=O
0.0293333333333,,123-86-4,False,False,6,False,"{""inlet_not_single_liquid"": 12}",False,,,,,False,butyl acetate,water-DKPFZGUDAPQIHT-UHFFFAOYSA-N,0,CCCCOC(C)=O
0.0486666666667,,123-86-4,False,False,6,False,"{""inlet_not_single_liquid"": 12}",False,,,,,False,butyl acetate,water-DKPFZGUDAPQIHT-UHFFFAOYSA-N,0,CCCCOC(C)=O
0.068,,123-86-4,False,False,6,False,"{""inlet_not_single_liquid"": 12}",False,,,,,False,butyl acetate,water-DKPFZGUDAPQIHT-UHFFFAOYSA-N,0,CCCCOC(C)=O
0.0873333333333,,123-86-4,False,False,6,False,"{""inlet_not_single_liquid"": 12}",False,,,,,False,butyl acetate,water-DKPFZGUDAPQIHT-UHFFFAOYSA-N,0,CCCCOC(C)=O
0.106666666667,,123-86-4,False,False,6,False,"{""inlet_not_single_liquid"": 12}",False,,,,,False,butyl acetate,water-DKPFZGUDAPQIHT-UHFFFAOYSA-N,0,CCCCOC(C)=O
0.126,,123-86-4,False,False,6,False,"{""inlet_not_single_liquid"": 12}",False,,,,,False,butyl acetate,water-DKPFZGUDAPQIHT-UHFFFAOYSA-N,0,CCCCOC(C)=O
0.145333333333,,123-86-4,False,False,6,False,"{""inlet_not_single_liquid"": 12}",False,,,,,False,butyl acetate,water-DKPFZGUDAPQIHT-UHFFFAOYSA-N,0,CCCCOC(C)=O
0.164666666667,,123-86-4,False,False,6,False,"{""inlet_not_single_liquid"": 12}",False,,,,,False,butyl acetate,water-DKPFZGUDAPQIHT-UHFFFAOYSA-N,0,CCCCOC(C)=O
0.184,,123-86-4,False,False,6,False,"{""inlet_not_single_liquid"": 12}",False,,,,,False,butyl acetate,water-DKPFZGUDAPQIHT-UHFFFAOYSA-N,0,CCCCOC(C)=O
0.203333333333,,123-86-4,False,False,6,False,"{""inlet_not_single_liquid"": 12}",False,,,,,False,butyl acetate,water-DKPFZGUDAPQIHT-UHFFFAOYSA-N,0,CCCCOC(C)=O
0.222666666667,,123-86-4,False,False,6,False,"{""inlet_not_single_liquid"": 12}",False,,,,,False,butyl acetate,water-DKPFZGUDAPQIHT-UHFFFAOYSA-N,0,CCCCOC(C)=O
0.242,,123-86-4,False,False,6,False,"{""inlet_not_single_liquid"": 12}",False,,,,,False,butyl acetate,water-DKPFZGUDAPQIHT-UHFFFAOYSA-N,0,CCCCOC(C)=O
0.261333333333,,123-86-4,False,False,6,False,"{""inlet_not_single_liquid"": 12}",False,,,,,False,butyl acetate,water-DKPFZGUDAPQIHT-UHFFFAOYSA-N,0,CCCCOC(C)=O
0.280666666667,,123-86-4,False,False,6,False,"{""inlet_not_single_liquid"": 12}",False,,,,,False,butyl acetate,water-DKPFZGUDAPQIHT-UHFFFAOYSA-N,0,CCCCOC(C)=O
0.3,,123-86-4,False,False,6,False,"{""inlet_not_single_liquid"": 12}",False,,,,,False,butyl acetate,water-DKPFZGUDAPQIHT-UHFFFAOYSA-N,0,CCCCOC(C)=O
0.0001,,98-01-1,True,True,6,False,{},False,9.400028375794456e-06,1.000244584627595,1.0000101396347076,0.9999189141598062,False,2-furaldehyde,water-HYBBIBNJHNGZAN-UHFFFAOYSA-N,6,O=Cc1ccco1
0.000177827941004,,98-01-1,True,True,6,False,{},False,1.6708828377232088e-05,1.0004346181515726,1.0000180323151575,0.9998558085102945,False,2-furaldehyde,water-HYBBIBNJHNGZAN-UHFFFAOYSA-N,6,O=Cc1ccco1
0.000316227766017,,98-01-1,True,True,6,False,{},False,2.9690683555405606e-05,1.0007718565393708,1.0000320703266796,0.9997435929033922,False,2-furaldehyde,water-HYBBIBNJHNGZAN-UHFFFAOYSA-N,6,O=Cc1ccco1
0.00056234132519,,98-01-1,True,True,6,False,{},False,5.272791187349579e-05,1.0013693705109135,1.0000570421232151,0.999544054434587,False,2-furaldehyde,water-HYBBIBNJHNGZAN-UHFFFAOYSA-N,6,O=Cc1ccco1
0.001,,98-01-1,True,True,6,False,{},False,9.354251196647123e-05,1.0024250224306233,1.000101475187727,0.9991892579475434,False,2-furaldehyde,water-HYBBIBNJHNGZAN-UHFFFAOYSA-N,6,O=Cc1ccco1
0.00177827941004,,98-01-1,True,True,6,False,{},False,0.00016564261568063898,1.004280635472835,1.000180572651923,0.9985584527834459,False,2-furaldehyde,water-HYBBIBNJHNGZAN-UHFFFAOYSA-N,6,O=Cc1ccco1
0.00316227766017,,98-01-1,True,True,6,False,{},False,0.0002923460994644911,1.0075129898212016,1.0003214932944962,0.9974370903428553,False,2-furaldehyde,water-HYBBIBNJHNGZAN-UHFFFAOYSA-N,6,O=Cc1ccco1
0.0056234132519,,98-01-1,True,True,6,False,{},False,0.0005129178741909435,1.0130530310103523,1.0005729253777969,0.9954442088661271,False,2-furaldehyde,water-HYBBIBNJHNGZAN-UHFFFAOYSA-N,6,O=Cc1ccco1
0.01,,98-01-1,True,True,6,False,{},False,0.0008903538282435397,1.0222757795337527,1.0010227038244068,0.9919041235554745,False,2-furaldehyde,water-HYBBIBNJHNGZAN-UHFFFAOYSA-N,6,O=Cc1ccco1
0.0293333333333,,98-01-1,True,True,6,False,{},False,0.0023403500283826206,1.0546431819355893,1.0030512940897809,0.9763232077027997,False,2-furaldehyde,water-HYBBIBNJHNGZAN-UHFFFAOYSA-N,6,O=Cc1ccco1
0.0486666666667,,98-01-1,False,False,6,False,"{""inlet_not_single_liquid"": 6}",False,,,,,False,2-furaldehyde,water-HYBBIBNJHNGZAN-UHFFFAOYSA-N,0,O=Cc1ccco1
0.068,,98-01-1,False,False,6,False,"{""inlet_not_single_liquid"": 6}",False,,,,,False,2-furaldehyde,water-HYBBIBNJHNGZAN-UHFFFAOYSA-N,0,O=Cc1ccco1
0.0873333333333,,98-01-1,False,False,6,False,"{""inlet_not_single_liquid"": 12}",False,,,,,False,2-furaldehyde,water-HYBBIBNJHNGZAN-UHFFFAOYSA-N,0,O=Cc1ccco1
0.106666666667,,98-01-1,False,False,6,False,"{""inlet_not_single_liquid"": 12}",False,,,,,False,2-furaldehyde,water-HYBBIBNJHNGZAN-UHFFFAOYSA-N,0,O=Cc1ccco1
0.126,,98-01-1,False,False,6,False,"{""inlet_not_single_liquid"": 12}",False,,,,,False,2-furaldehyde,water-HYBBIBNJHNGZAN-UHFFFAOYSA-N,0,O=Cc1ccco1
0.145333333333,,98-01-1,False,False,6,False,"{""inlet_not_single_liquid"": 12}",False,,,,,False,2-furaldehyde,water-HYBBIBNJHNGZAN-UHFFFAOYSA-N,0,O=Cc1ccco1
0.164666666667,,98-01-1,False,False,6,False,"{""inlet_not_single_liquid"": 12}",False,,,,,False,2-furaldehyde,water-HYBBIBNJHNGZAN-UHFFFAOYSA-N,0,O=Cc1ccco1
0.184,,98-01-1,False,False,6,False,"{""inlet_not_single_liquid"": 12}",False,,,,,False,2-furaldehyde,water-HYBBIBNJHNGZAN-UHFFFAOYSA-N,0,O=Cc1ccco1
0.203333333333,,98-01-1,False,False,6,False,"{""inlet_not_single_liquid"": 12}",False,,,,,False,2-furaldehyde,water-HYBBIBNJHNGZAN-UHFFFAOYSA-N,0,O=Cc1ccco1
0.222666666667,,98-01-1,False,False,6,False,"{""inlet_not_single_liquid"": 12}",False,,,,,False,2-furaldehyde,water-HYBBIBNJHNGZAN-UHFFFAOYSA-N,0,O=Cc1ccco1
0.242,,98-01-1,False,False,6,False,"{""inlet_not_single_liquid"": 12}",False,,,,,False,2-furaldehyde,water-HYBBIBNJHNGZAN-UHFFFAOYSA-N,0,O=Cc1ccco1
0.261333333333,,98-01-1,False,False,6,False,"{""inlet_not_single_liquid"": 12}",False,,,,,False,2-furaldehyde,water-HYBBIBNJHNGZAN-UHFFFAOYSA-N,0,O=Cc1ccco1
0.280666666667,,98-01-1,False,False,6,False,"{""inlet_not_single_liquid"": 12}",False,,,,,False,2-furaldehyde,water-HYBBIBNJHNGZAN-UHFFFAOYSA-N,0,O=Cc1ccco1
0.3,,98-01-1,False,False,6,False,"{""inlet_not_single_liquid"": 12}",False,,,,,False,2-furaldehyde,water-HYBBIBNJHNGZAN-UHFFFAOYSA-N,0,O=Cc1ccco1
0.0001,,108-94-1,True,True,6,False,{},False,6.572165001217378e-06,1.0003598807519822,1.000014701197402,0.9999187811417922,False,cyclohexanone,water-JHIVVAPYMSGYDF-UHFFFAOYSA-N,6,O=C1CCCCC1
0.000177827941004,,108-94-1,True,True,6,False,{},False,1.1683959967756508e-05,1.0006396381030682,1.0000261446476348,0.9998555712999146,False,cyclohexanone,water-JHIVVAPYMSGYDF-UHFFFAOYSA-N,6,O=C1CCCCC1
0.000316227766017,,108-94-1,True,True,6,False,{},False,2.07672733932851e-05,1.0011364111449406,1.000046498216528,0.9997431689680917,False,cyclohexanone,water-JHIVVAPYMSGYDF-UHFFFAOYSA-N,6,O=C1CCCCC1
0.00056234132519,,108-94-1,True,True,6,False,{},False,3.689817600749379e-05,1.0020175591258653,1.0000827049406378,0.9995432938948375,False,cyclohexanone,water-JHIVVAPYMSGYDF-UHFFFAOYSA-N,6,O=C1CCCCC1
0.001,,108-94-1,True,True,6,False,{},False,6.551465121928945e-05,1.0035773811760689,1.0001471298270135,0.9991878844478942,False,cyclohexanone,water-JHIVVAPYMSGYDF-UHFFFAOYSA-N,6,O=C1CCCCC1
0.00177827941004,,108-94-1,True,True,6,False,{},False,0.00011618555980963396,1.0063288253700104,1.000261819443958,0.9985559439111039,False,cyclohexanone,water-JHIVVAPYMSGYDF-UHFFFAOYSA-N,6,O=C1CCCCC1
0.00316227766017,,108-94-1,True,True,6,False,{},False,0.00020560756173060302,1.011151602929949,1.000466163191039,0.9974324197246159,False,cyclohexanone,water-JHIVVAPYMSGYDF-UHFFFAOYSA-N,6,O=C1CCCCC1
0.0056234132519,,108-94-1,True,True,6,False,{},False,0.0003624684809329093,1.0195098296972331,1.0008307931583027,0.9954352466229589,False,cyclohexanone,water-JHIVVAPYMSGYDF-UHFFFAOYSA-N,6,O=C1CCCCC1
0.01,,108-94-1,True,True,6,False,{},False,0.0006346476730417772,1.0337030816381967,1.0014831880924766,0.9918861367382721,False,cyclohexanone,water-JHIVVAPYMSGYDF-UHFFFAOYSA-N,6,O=C1CCCCC1
0.0293333333333,,108-94-1,True,True,6,False,{},False,0.0017361358742813415,1.0870276404768229,1.0044275407020529,0.9762450847489244,False,cyclohexanone,water-JHIVVAPYMSGYDF-UHFFFAOYSA-N,6,O=C1CCCCC1
0.0486666666667,,108-94-1,False,False,6,False,"{""inlet_not_single_liquid"": 6}",False,,,,,False,cyclohexanone,water-JHIVVAPYMSGYDF-UHFFFAOYSA-N,0,O=C1CCCCC1
0.068,,108-94-1,False,False,6,False,"{""inlet_not_single_liquid"": 6}",False,,,,,False,cyclohexanone,water-JHIVVAPYMSGYDF-UHFFFAOYSA-N,0,O=C1CCCCC1
0.0873333333333,,108-94-1,False,False,6,False,"{""inlet_not_single_liquid"": 6}",False,,,,,False,cyclohexanone,water-JHIVVAPYMSGYDF-UHFFFAOYSA-N,0,O=C1CCCCC1
0.106666666667,,108-94-1,False,False,6,False,"{""inlet_not_single_liquid"": 6}",False,,,,,False,cyclohexanone,water-JHIVVAPYMSGYDF-UHFFFAOYSA-N,0,O=C1CCCCC1
0.126,,108-94-1,False,False,6,False,"{""inlet_not_single_liquid"": 12}",False,,,,,False,cyclohexanone,water-JHIVVAPYMSGYDF-UHFFFAOYSA-N,0,O=C1CCCCC1
0.145333333333,,108-94-1,False,False,6,False,"{""inlet_not_single_liquid"": 12}",False,,,,,False,cyclohexanone,water-JHIVVAPYMSGYDF-UHFFFAOYSA-N,0,O=C1CCCCC1
0.164666666667,,108-94-1,False,False,6,False,"{""inlet_not_single_liquid"": 12}",False,,,,,False,cyclohexanone,water-JHIVVAPYMSGYDF-UHFFFAOYSA-N,0,O=C1CCCCC1
0.184,,108-94-1,False,False,6,False,"{""inlet_not_single_liquid"": 12}",False,,,,,False,cyclohexanone,water-JHIVVAPYMSGYDF-UHFFFAOYSA-N,0,O=C1CCCCC1
0.203333333333,,108-94-1,False,False,6,False,"{""inlet_not_single_liquid"": 12}",False,,,,,False,cyclohexanone,water-JHIVVAPYMSGYDF-UHFFFAOYSA-N,0,O=C1CCCCC1
0.222666666667,,108-94-1,False,False,6,False,"{""inlet_not_single_liquid"": 12}",False,,,,,False,cyclohexanone,water-JHIVVAPYMSGYDF-UHFFFAOYSA-N,0,O=C1CCCCC1
0.242,,108-94-1,False,False,6,False,"{""inlet_not_single_liquid"": 12}",False,,,,,False,cyclohexanone,water-JHIVVAPYMSGYDF-UHFFFAOYSA-N,0,O=C1CCCCC1
0.261333333333,,108-94-1,False,False,6,False,"{""inlet_not_single_liquid"": 12}",False,,,,,False,cyclohexanone,water-JHIVVAPYMSGYDF-UHFFFAOYSA-N,0,O=C1CCCCC1
0.280666666667,,108-94-1,False,False,6,False,"{""inlet_not_single_liquid"": 12}",False,,,,,False,cyclohexanone,water-JHIVVAPYMSGYDF-UHFFFAOYSA-N,0,O=C1CCCCC1
0.3,,108-94-1,False,False,6,False,"{""inlet_not_single_liquid"": 12}",False,,,,,False,cyclohexanone,water-JHIVVAPYMSGYDF-UHFFFAOYSA-N,0,O=C1CCCCC1
0.0001,,64-17-5,True,True,6,False,{},False,1.6824806022053274e-05,1.0007079270547559,1.0000068494214678,0.9999373214246684,False,ethanol,water-LFQSCWFLJHTTHZ-UHFFFAOYSA-N,6,CCO
0.000133352143216,,64-17-5,True,True,6,False,{},False,2.243685221603453e-05,1.0009439568719136,1.0000091340462784,0.9999164169970164,False,ethanol,water-LFQSCWFLJHTTHZ-UHFFFAOYSA-N,6,CCO
0.000177827941004,,64-17-5,True,True,6,False,{},False,2.9921112849051745e-05,1.001258646201741,1.0000121807949534,0.9998885406663701,False,ethanol,water-LFQSCWFLJHTTHZ-UHFFFAOYSA-N,6,CCO
0.000316227766017,,64-17-5,True,True,6,False,{},False,5.321412570569173e-05,1.0022374472539777,1.000021662785449,0.9998017963323118,False,ethanol,water-LFQSCWFLJHTTHZ-UHFFFAOYSA-N,6,CCO
0.00056234132519,,64-17-5,True,True,6,False,{},False,9.464862679553487e-05,1.0039763494920406,1.000038528585557,0.9996475453619845,False,ethanol,water-LFQSCWFLJHTTHZ-UHFFFAOYSA-N,6,CCO
0.001,,64-17-5,True,True,6,False,{},False,0.0001683718343873375,1.007063298770475,1.0000685338894935,0.999373258877328,False,ethanol,water-LFQSCWFLJHTTHZ-UHFFFAOYSA-N,6,CCO
0.00177827941004,,64-17-5,True,True,6,False,{},False,0.0002996018185238425,1.012536017563372,1.0001219334814266,0.9988855477953262,False,ethanol,water-LFQSCWFLJHTTHZ-UHFFFAOYSA-N,6,CCO
0.00316227766017,,64-17-5,True,True,6,False,{},False,0.0005333726889328316,1.0222153052743423,1.0002170252102751,0.9980184096043057,False,ethanol,water-LFQSCWFLJHTTHZ-UHFFFAOYSA-N,6,CCO
0.0056234132519,,64-17-5,True,True,6,False,{},False,0.0009503576943683534,1.039262136811343,1.0003865445984048,0.9964768647924432,False,ethanol,water-LFQSCWFLJHTTHZ-UHFFFAOYSA-N,6,CCO
0.01,,64-17-5,True,True,6,False,{},False,0.0016958332697220024,1.0690585789132334,1.0006893317793093,0.9937370507600972,False,ethanol,water-LFQSCWFLJHTTHZ-UHFFFAOYSA-N,6,CCO
0.0293333333333,,64-17-5,True,True,6,False,{},False,0.005046060163690469,1.1930508672583546,1.0020476668534395,0.9816567767629746,False,ethanol,water-LFQSCWFLJHTTHZ-UHFFFAOYSA-N,6,CCO
0.0486666666667,,64-17-5,True,True,6,False,{},False,0.008480033294496425,1.3053591345353068,1.0034408733858613,0.9696134800054728,False,ethanol,water-LFQSCWFLJHTTHZ-UHFFFAOYSA-N,6,CCO
0.068,,64-17-5,True,True,6,False,{},False,0.011985111131421089,1.4069529097787117,1.004870310280389,0.9576070794530399,False,ethanol,water-LFQSCWFLJHTTHZ-UHFFFAOYSA-N,6,CCO
0.0873333333333,,64-17-5,True,True,6,False,{},False,0.015548711791722236,1.4987343202636039,1.0063374079053664,0.9456374777051334,False,ethanol,water-LFQSCWFLJHTTHZ-UHFFFAOYSA-N,6,CCO
0.106666666667,,64-17-5,True,True,6,False,{},False,0.019158304878154286,1.5815424907323057,1.007843672849503,0.9337045601423997,False,ethanol,water-LFQSCWFLJHTTHZ-UHFFFAOYSA-N,6,CCO
0.126,,64-17-5,True,True,6,False,{},False,0.022801403026382894,1.6561576849614865,1.0093906930621293,0.9218081940323731,False,ethanol,water-LFQSCWFLJHTTHZ-UHFFFAOYSA-N,6,CCO
0.145333333333,,64-17-5,True,True,6,False,{},False,0.02646555313677601,1.7233052027357803,1.0109801434151322,0.9099482275871278,False,ethanol,water-LFQSCWFLJHTTHZ-UHFFFAOYSA-N,6,CCO
0.164666666667,,64-17-5,True,True,6,False,{},False,0.030138327260286868,1.7836590445457488,1.012613791726621,0.8981244889765094,False,ethanol,water-LFQSCWFLJHTTHZ-UHFFFAOYSA-N,6,CCO
0.184,,64-17-5,True,True,6,False,{},False,0.03380731310882645,1.8378453557183148,1.0142935052918707,0.8863367852924441,False,ethanol,water-LFQSCWFLJHTTHZ-UHFFFAOYSA-N,6,CCO
0.203333333333,,64-17-5,True,True,6,False,{},False,0.037460104160271346,1.8864456610261937,1.0160212579730783,0.8745849014547531,False,ethanol,water-LFQSCWFLJHTTHZ-UHFFFAOYSA-N,6,CCO
0.222666666667,,64-17-5,True,True,6,False,{},False,0.04108428932073249,1.9299999000657686,1.017799137902717,0.8628685990666909,False,ethanol,water-LFQSCWFLJHTTHZ-UHFFFAOYSA-N,6,CCO
0.242,,64-17-5,True,True,6,False,{},False,0.04466744210992357,1.969009273107016,1.0196293558641878,0.8511876152114781,False,ethanol,water-LFQSCWFLJHTTHZ-UHFFFAOYSA-N,6,CCO
0.261333333333,,64-17-5,True,True,6,False,{},False,0.04819710933315813,2.0039389064092727,1.0215142544210722,0.8395416611810275,False,ethanol,water-LFQSCWFLJHTTHZ-UHFFFAOYSA-N,6,CCO
0.271,,64-17-5,True,True,6,False,{},False,0.04993798401672145,2.020009925551667,1.0224779794391146,0.8337317227501037,False,ethanol,water-LFQSCWFLJHTTHZ-UHFFFAOYSA-N,6,CCO
0.280666666667,,64-17-5,True,True,6,False,{},False,0.05166079919623123,2.0352203452354645,1.023456317872261,0.8279304211441414,False,ethanol,water-LFQSCWFLJHTTHZ-UHFFFAOYSA-N,6,CCO
0.290333333333,,64-17-5,True,True,6,False,{},False,0.053363985318214735,2.049619243550952,1.024449604187061,0.82213771241668,False,ethanol,water-LFQSCWFLJHTTHZ-UHFFFAOYSA-N,6,CCO
0.3,,64-17-5,True,True,6,False,{},False,0.05504596882209378,2.0632538821291315,1.0254581831223042,0.8163535507448169,False,ethanol,water-LFQSCWFLJHTTHZ-UHFFFAOYSA-N,6,CCO
0.0001,,71-36-3,True,True,6,False,{},False,2.02174048264947e-05,1.0010626009703505,1.000025822969226,0.999927485820162,False,1-butanol,water-LRHPLDYGYMQRHN-UHFFFAOYSA-N,6,CCCCO
0.000133352143216,,71-36-3,True,True,6,False,{},False,2.695535032037899e-05,1.001416243767733,1.0000344365006524,0.9999033021468451,False,1-butanol,water-LRHPLDYGYMQRHN-UHFFFAOYSA-N,6,CCCCO
0.000177827941004,,71-36-3,True,True,6,False,{},False,3.593666233447923e-05,1.0018872455747516,1.0000459236216337,0.999871053758087,False,1-butanol,water-LRHPLDYGYMQRHN-UHFFFAOYSA-N,6,CCCCO
0.000316227766017,,71-36-3,True,True,6,False,{},False,6.385635047134741e-05,1.0033486158453784,1.0000816750481103,0.9997707109268376,False,1-butanol,water-LRHPLDYGYMQRHN-UHFFFAOYSA-N,6,CCCCO
0.00056234132519,,71-36-3,True,True,6,False,{},False,0.00011339947374189308,1.0059313542127613,1.0001452727446525,0.9995923022211226,False,1-butanol,water-LRHPLDYGYMQRHN-UHFFFAOYSA-N,6,CCCCO
0.001,,71-36-3,True,True,6,False,{},False,0.0002011672333754877,1.0104740367671006,1.0002584357981452,0.9992751328837769,False,1-butanol,water-LRHPLDYGYMQRHN-UHFFFAOYSA-N,6,CCCCO
0.00177827941004,,71-36-3,True,True,6,False,{},False,0.0003561934354269214,1.0183958655990213,1.0004598884720128,0.9987114046991605,False,1-butanol,water-LRHPLDYGYMQRHN-UHFFFAOYSA-N,6,CCCCO
0.00316227766017,,71-36-3,True,True,6,False,{},False,0.0006285885970190863,1.0320011281466066,1.0008188158645868,0.9977098429093902,False,1-butanol,water-LRHPLDYGYMQRHN-UHFFFAOYSA-N,6,CCCCO
0.00421696503429,,71-36-3,True,True,6,False,{},False,0.0008333820906182288,1.0419677269317054,1.001092932682006,0.9969473667014987,False,1-butanol,water-LRHPLDYGYMQRHN-UHFFFAOYSA-N,6,CCCCO
0.0056234132519,,71-36-3,True,True,6,False,{},False,0.001102784035175386,1.0547381309313293,1.0014592743921369,0.9959316195885778,False,1-butanol,water-LRHPLDYGYMQRHN-UHFFFAOYSA-N,6,CCCCO
0.00749894209332,,71-36-3,True,True,6,False,{},False,0.0014555801360723875,1.070880885644376,1.001949228891588,0.9945789168065184,False,1-butanol,water-LRHPLDYGYMQRHN-UHFFFAOYSA-N,6,CCCCO
0.01,,71-36-3,True,True,6,False,{},False,0.001914822781923009,1.0909169454218077,1.0026051496675958,0.9927782533246052,False,1-butanol,water-LRHPLDYGYMQRHN-UHFFFAOYSA-N,6,CCCCO
0.0196666666666,,71-36-3,True,True,6,False,{},False,0.0035759580102657784,1.1543555371481122,1.0051681140830624,0.9858519939002387,False,1-butanol,water-LRHPLDYGYMQRHN-UHFFFAOYSA-N,6,CCCCO
0.0293333333333,,71-36-3,False,False,6,False,"{""inlet_not_single_liquid"": 6}",False,,,,,False,1-butanol,water-LRHPLDYGYMQRHN-UHFFFAOYSA-N,0,CCCCO
0.0486666666667,,71-36-3,False,False,6,False,"{""inlet_not_single_liquid"": 6}",False,,,,,False,1-butanol,water-LRHPLDYGYMQRHN-UHFFFAOYSA-N,0,CCCCO
0.068,,71-36-3,False,False,6,False,"{""inlet_not_single_liquid"": 6}",False,,,,,False,1-butanol,water-LRHPLDYGYMQRHN-UHFFFAOYSA-N,0,CCCCO
0.0873333333333,,71-36-3,False,False,6,False,"{""inlet_not_single_liquid"": 6}",False,,,,,False,1-butanol,water-LRHPLDYGYMQRHN-UHFFFAOYSA-N,0,CCCCO
0.106666666667,,71-36-3,False,False,6,False,"{""inlet_not_single_liquid"": 6}",False,,,,,False,1-butanol,water-LRHPLDYGYMQRHN-UHFFFAOYSA-N,0,CCCCO
0.126,,71-36-3,False,False,6,False,"{""inlet_not_single_liquid"": 12}",False,,,,,False,1-butanol,water-LRHPLDYGYMQRHN-UHFFFAOYSA-N,0,CCCCO
0.145333333333,,71-36-3,False,False,6,False,"{""inlet_not_single_liquid"": 12}",False,,,,,False,1-butanol,water-LRHPLDYGYMQRHN-UHFFFAOYSA-N,0,CCCCO
0.164666666667,,71-36-3,False,False,6,False,"{""inlet_not_single_liquid"": 12}",False,,,,,False,1-butanol,water-LRHPLDYGYMQRHN-UHFFFAOYSA-N,0,CCCCO
0.184,,71-36-3,False,False,6,False,"{""inlet_not_single_liquid"": 12}",False,,,,,False,1-butanol,water-LRHPLDYGYMQRHN-UHFFFAOYSA-N,0,CCCCO
0.203333333333,,71-36-3,False,False,6,False,"{""inlet_not_single_liquid"": 12}",False,,,,,False,1-butanol,water-LRHPLDYGYMQRHN-UHFFFAOYSA-N,0,CCCCO
0.222666666667,,71-36-3,False,False,6,False,"{""inlet_not_single_liquid"": 12}",False,,,,,False,1-butanol,water-LRHPLDYGYMQRHN-UHFFFAOYSA-N,0,CCCCO
0.242,,71-36-3,False,False,6,False,"{""inlet_not_single_liquid"": 12}",False,,,,,False,1-butanol,water-LRHPLDYGYMQRHN-UHFFFAOYSA-N,0,CCCCO
0.261333333333,,71-36-3,False,False,6,False,"{""inlet_not_single_liquid"": 12}",False,,,,,False,1-butanol,water-LRHPLDYGYMQRHN-UHFFFAOYSA-N,0,CCCCO
0.280666666667,,71-36-3,False,False,6,False,"{""inlet_not_single_liquid"": 12}",False,,,,,False,1-butanol,water-LRHPLDYGYMQRHN-UHFFFAOYSA-N,0,CCCCO
0.3,,71-36-3,False,False,6,False,"{""inlet_not_single_liquid"": 12}",False,,,,,False,1-butanol,water-LRHPLDYGYMQRHN-UHFFFAOYSA-N,0,CCCCO
0.0001,,123-92-2,True,True,6,False,{},False,3.161437772170039e-05,1.0067320532052557,0.9999886506302832,0.9999173773769464,False,isoamyl acetate,water-MLFHJEHSLIIPHL-UHFFFAOYSA-N,6,CC(=O)OCCC(C)C
0.000177827941004,,123-92-2,True,True,6,False,{},False,5.6218869708302144e-05,1.0119660517236346,0.9999798163850763,0.9998530742079658,False,isoamyl acetate,water-MLFHJEHSLIIPHL-UHFFFAOYSA-N,6,CC(=O)OCCC(C)C
0.000316227766017,,123-92-2,True,True,6,False,{},False,9.997182222976075e-05,1.021261854328455,0.9999641038939573,0.999738725892818,False,isoamyl acetate,water-MLFHJEHSLIIPHL-UHFFFAOYSA-N,6,CC(=O)OCCC(C)C
0.00056234132519,,123-92-2,True,True,6,False,{},False,0.00017777454859801978,1.0377554075872006,0.9999361540432252,0.9995353848088261,False,isoamyl acetate,water-MLFHJEHSLIIPHL-UHFFFAOYSA-N,6,CC(=O)OCCC(C)C
0.001,,123-92-2,True,True,6,False,{},False,0.00031612239029543687,1.066968870879599,0.9998864240232654,0.9991737944110011,False,isoamyl acetate,water-MLFHJEHSLIIPHL-UHFFFAOYSA-N,6,CC(=O)OCCC(C)C
0.00177827941004,,123-92-2,True,True,6,False,{},False,0.0005621207172765708,1.1185510551097517,0.999797903480701,0.9985308073700295,False,isoamyl acetate,water-MLFHJEHSLIIPHL-UHFFFAOYSA-N,6,CC(=O)OCCC(C)C
0.00316227766017,,123-92-2,True,True,6,False,{},False,0.0009995012899507438,1.209124616818807,0.9996402145674794,0.9973874654850257,False,isoamyl acetate,water-MLFHJEHSLIIPHL-UHFFFAOYSA-N,6,CC(=O)OCCC(C)C
0.0056234132519,,123-92-2,False,False,6,False,"{""inlet_not_single_liquid"": 6}",False,,,,,False,isoamyl acetate,water-MLFHJEHSLIIPHL-UHFFFAOYSA-N,0,CC(=O)OCCC(C)C
0.01,,123-92-2,False,False,6,False,"{""inlet_not_single_liquid"": 6}",False,,,,,False,isoamyl acetate,water-MLFHJEHSLIIPHL-UHFFFAOYSA-N,0,CC(=O)OCCC(C)C
0.0293333333333,,123-92-2,False,False,6,False,"{""inlet_not_single_liquid"": 6}",False,,,,,False,isoamyl acetate,water-MLFHJEHSLIIPHL-UHFFFAOYSA-N,0,CC(=O)OCCC(C)C
0.0486666666667,,123-92-2,False,False,6,False,"{""inlet_not_single_liquid"": 6}",False,,,,,False,isoamyl acetate,water-MLFHJEHSLIIPHL-UHFFFAOYSA-N,0,CC(=O)OCCC(C)C
0.068,,123-92-2,False,False,6,False,"{""inlet_not_single_liquid"": 6}",False,,,,,False,isoamyl acetate,water-MLFHJEHSLIIPHL-UHFFFAOYSA-N,0,CC(=O)OCCC(C)C
0.0873333333333,,123-92-2,False,False,6,False,"{""inlet_not_single_liquid"": 6}",False,,,,,False,isoamyl acetate,water-MLFHJEHSLIIPHL-UHFFFAOYSA-N,0,CC(=O)OCCC(C)C
0.106666666667,,123-92-2,False,False,6,False,"{""inlet_not_single_liquid"": 6}",False,,,,,False,isoamyl acetate,water-MLFHJEHSLIIPHL-UHFFFAOYSA-N,0,CC(=O)OCCC(C)C
0.126,,123-92-2,False,False,6,False,"{""inlet_not_single_liquid"": 6}",False,,,,,False,isoamyl acetate,water-MLFHJEHSLIIPHL-UHFFFAOYSA-N,0,CC(=O)OCCC(C)C
0.145333333333,,123-92-2,False,False,6,False,"{""inlet_not_single_liquid"": 6}",False,,,,,False,isoamyl acetate,water-MLFHJEHSLIIPHL-UHFFFAOYSA-N,0,CC(=O)OCCC(C)C
0.164666666667,,123-92-2,False,False,6,False,"{""inlet_not_single_liquid"": 12}",False,,,,,False,isoamyl acetate,water-MLFHJEHSLIIPHL-UHFFFAOYSA-N,0,CC(=O)OCCC(C)C
0.184,,123-92-2,False,False,6,False,"{""inlet_not_single_liquid"": 12}",False,,,,,False,isoamyl acetate,water-MLFHJEHSLIIPHL-UHFFFAOYSA-N,0,CC(=O)OCCC(C)C
0.203333333333,,123-92-2,False,False,6,False,"{""inlet_not_single_liquid"": 12}",False,,,,,False,isoamyl acetate,water-MLFHJEHSLIIPHL-UHFFFAOYSA-N,0,CC(=O)OCCC(C)C
0.222666666667,,123-92-2,False,False,6,False,"{""inlet_not_single_liquid"": 12}",False,,,,,False,isoamyl acetate,water-MLFHJEHSLIIPHL-UHFFFAOYSA-N,0,CC(=O)OCCC(C)C
0.242,,123-92-2,False,False,6,False,"{""inlet_not_single_liquid"": 12}",False,,,,,False,isoamyl acetate,water-MLFHJEHSLIIPHL-UHFFFAOYSA-N,0,CC(=O)OCCC(C)C
0.261333333333,,123-92-2,False,False,6,False,"{""inlet_not_single_liquid"": 12}",False,,,,,False,isoamyl acetate,water-MLFHJEHSLIIPHL-UHFFFAOYSA-N,0,CC(=O)OCCC(C)C
0.280666666667,,123-92-2,False,False,6,False,"{""inlet_not_single_liquid"": 12}",False,,,,,False,isoamyl acetate,water-MLFHJEHSLIIPHL-UHFFFAOYSA-N,0,CC(=O)OCCC(C)C
0.3,,123-92-2,False,False,6,False,"{""inlet_not_single_liquid"": 12}",False,,,,,False,isoamyl acetate,water-MLFHJEHSLIIPHL-UHFFFAOYSA-N,0,CC(=O)OCCC(C)C
0.0001,,75-85-4,True,True,6,False,{},False,3.2330282739856386e-06,1.0022277493576777,1.0000314902719956,0.9999249743211319,False,2-methyl-2-butanol,water-MSXVEPNJUHWQHW-UHFFFAOYSA-N,6,CCC(C)(C)O
0.000177827941004,,75-85-4,True,True,6,False,{},False,5.751299698819601e-06,1.003960155818219,1.0000560026566787,0.9998665830951183,False,2-methyl-2-butanol,water-MSXVEPNJUHWQHW-UHFFFAOYSA-N,6,CCC(C)(C)O
0.000316227766017,,75-85-4,True,True,6,False,{},False,1.023396839705537e-05,1.007037822801999,1.0000996015112404,0.9997627465641313,False,2-methyl-2-butanol,water-MSXVEPNJUHWQHW-UHFFFAOYSA-N,6,CCC(C)(C)O
0.00056234132519,,75-85-4,True,True,6,False,{},False,1.821955913006157e-05,1.012501185055273,1.000177160883953,0.999578094251207,False,2-methyl-2-butanol,water-MSXVEPNJUHWQHW-UHFFFAOYSA-N,6,CCC(C)(C)O
0.001,,75-85-4,True,True,6,False,{},False,3.2464877067206466e-05,1.022186302740926,1.0003151730845161,0.9992497246867396,False,2-methyl-2-butanol,water-MSXVEPNJUHWQHW-UHFFFAOYSA-N,6,CCC(C)(C)O
0.00177827941004,,75-85-4,True,True,6,False,{},False,5.793812397980602e-05,1.0393137609434047,1.0005608822269354,0.9986657723841703,False,2-methyl-2-butanol,water-MSXVEPNJUHWQHW-UHFFFAOYSA-N,6,CCC(C)(C)O
0.00316227766017,,75-85-4,True,True,6,False,{},False,0.00010368125472759449,1.069471347473472,1.0009987248486882,0.9976272805085674,False,2-methyl-2-butanol,water-MSXVEPNJUHWQHW-UHFFFAOYSA-N,6,CCC(C)(C)O
0.0056234132519,,75-85-4,True,True,6,False,{},False,0.00018642226247267413,1.1221620098004268,1.001780199796878,0.995780357479333,False,2-methyl-2-butanol,water-MSXVEPNJUHWQHW-UHFFFAOYSA-N,6,CCC(C)(C)O
0.01,,75-85-4,True,True,6,False,{},False,0.00033792603406246347,1.2129510114152664,1.0031790224667236,0.9924953991399011,False,2-methyl-2-butanol,water-MSXVEPNJUHWQHW-UHFFFAOYSA-N,6,CCC(C)(C)O
0.0293333333333,,75-85-4,True,True,6,False,{},False,0.0010716138610976644,1.5720704066689957,1.0095018346680071,0.9779749483791081,False,2-methyl-2-butanol,water-MSXVEPNJUHWQHW-UHFFFAOYSA-N,6,CCC(C)(C)O
0.0486666666667,,75-85-4,True,True,6,False,{},False,0.001903714264822054,1.869386271904653,1.0160687855926753,0.9634394696720278,False,2-methyl-2-butanol,water-MSXVEPNJUHWQHW-UHFFFAOYSA-N,6,CCC(C)(C)O
0.068,,75-85-4,False,False,6,False,"{""inlet_not_single_liquid"": 6}",False,,,,,False,2-methyl-2-butanol,water-MSXVEPNJUHWQHW-UHFFFAOYSA-N,0,CCC(C)(C)O
0.0873333333333,,75-85-4,False,False,6,False,"{""inlet_not_single_liquid"": 6}",False,,,,,False,2-methyl-2-butanol,water-MSXVEPNJUHWQHW-UHFFFAOYSA-N,0,CCC(C)(C)O
0.106666666667,,75-85-4,False,False,6,False,"{""inlet_not_single_liquid"": 6}",False,,,,,False,2-methyl-2-butanol,water-MSXVEPNJUHWQHW-UHFFFAOYSA-N,0,CCC(C)(C)O
0.126,,75-85-4,False,False,6,False,"{""inlet_not_single_liquid"": 6}",False,,,,,False,2-methyl-2-butanol,water-MSXVEPNJUHWQHW-UHFFFAOYSA-N,0,CCC(C)(C)O
0.145333333333,,75-85-4,False,False,6,False,"{""inlet_not_single_liquid"": 6}",False,,,,,False,2-methyl-2-butanol,water-MSXVEPNJUHWQHW-UHFFFAOYSA-N,0,CCC(C)(C)O
0.164666666667,,75-85-4,False,False,6,False,"{""inlet_not_single_liquid"": 6}",False,,,,,False,2-methyl-2-butanol,water-MSXVEPNJUHWQHW-UHFFFAOYSA-N,0,CCC(C)(C)O
0.184,,75-85-4,False,False,6,False,"{""inlet_not_single_liquid"": 6}",False,,,,,False,2-methyl-2-butanol,water-MSXVEPNJUHWQHW-UHFFFAOYSA-N,0,CCC(C)(C)O
0.203333333333,,75-85-4,False,False,6,False,"{""inlet_not_single_liquid"": 6}",False,,,,,False,2-methyl-2-butanol,water-MSXVEPNJUHWQHW-UHFFFAOYSA-N,0,CCC(C)(C)O
0.222666666667,,75-85-4,False,False,6,False,"{""inlet_not_single_liquid"": 6}",False,,,,,False,2-methyl-2-butanol,water-MSXVEPNJUHWQHW-UHFFFAOYSA-N,0,CCC(C)(C)O
0.242,,75-85-4,False,False,6,False,"{""inlet_not_single_liquid"": 6}",False,,,,,False,2-methyl-2-butanol,water-MSXVEPNJUHWQHW-UHFFFAOYSA-N,0,CCC(C)(C)O
0.261333333333,,75-85-4,False,False,6,False,"{""inlet_not_single_liquid"": 6}",False,,,,,False,2-methyl-2-butanol,water-MSXVEPNJUHWQHW-UHFFFAOYSA-N,0,CCC(C)(C)O
0.280666666667,,75-85-4,False,False,6,False,"{""inlet_not_single_liquid"": 6}",False,,,,,False,2-methyl-2-butanol,water-MSXVEPNJUHWQHW-UHFFFAOYSA-N,0,CCC(C)(C)O
0.3,,75-85-4,False,False,6,False,"{""inlet_not_single_liquid"": 6}",False,,,,,False,2-methyl-2-butanol,water-MSXVEPNJUHWQHW-UHFFFAOYSA-N,0,CCC(C)(C)O
0.0001,,111-46-6,True,True,6,False,{},False,1.9045713234189243e-05,0.999983068911487,0.9999963077326686,0.9999306397843613,False,diethylene glycol,water-MTHSVFCYNBDYFN-UHFFFAOYSA-N,6,OCCOCCO
0.000133352143216,,111-46-6,True,True,6,False,{},False,2.539819821345546e-05,0.9999774224244508,0.9999950761490599,0.9999075067036665,False,diethylene glycol,water-MTHSVFCYNBDYFN-UHFFFAOYSA-N,6,OCCOCCO
0.000177827941004,,111-46-6,True,True,6,False,{},False,3.38696309348796e-05,0.9999698930195151,0.9999934337021438,0.9998766582741577,False,diethylene glycol,water-MTHSVFCYNBDYFN-UHFFFAOYSA-N,6,OCCOCCO
0.000237137370566,,111-46-6,True,True,6,False,{},False,4.516692643086184e-05,0.999959852941798,0.9999912432794161,0.9998355212845288,False,diethylene glycol,water-MTHSVFCYNBDYFN-UHFFFAOYSA-N,6,OCCOCCO
0.000316227766017,,111-46-6,True,True,6,False,{},False,6.0232926992420666e-05,0.9999464652524342,0.999988321975508,0.9997806643201617,False,diethylene glycol,water-MTHSVFCYNBDYFN-UHFFFAOYSA-N,6,OCCOCCO
0.000421696503429,,111-46-6,True,True,6,False,{},False,8.032521005174598e-05,0.9999286142058076,0.999984425770292,0.9997075115478029,False,diethylene glycol,water-MTHSVFCYNBDYFN-UHFFFAOYSA-N,6,OCCOCCO
0.00056234132519,,111-46-6,True,True,6,False,{},False,0.00010712127418410766,0.9999048125186739,0.9999792290586161,0.9996099610520951,False,diethylene glycol,water-MTHSVFCYNBDYFN-UHFFFAOYSA-N,6,OCCOCCO
0.000749894209332,,111-46-6,True,True,6,False,{},False,0.00014285897353261134,0.9998730779118129,0.9999722972848013,0.9994798758983872,False,diethylene glycol,water-MTHSVFCYNBDYFN-UHFFFAOYSA-N,6,OCCOCCO
0.001,,111-46-6,True,True,6,False,{},False,0.00019052408538766663,0.9998307688319272,0.9999630503290843,0.9993064054883195,False,diethylene glycol,water-MTHSVFCYNBDYFN-UHFFFAOYSA-N,6,OCCOCCO
0.00133352143216,,111-46-6,True,True,6,False,{},False,0.0002541009583286735,0.999774366017224,0.9999507134669928,0.9990750806338976,False,diethylene glycol,water-MTHSVFCYNBDYFN-UHFFFAOYSA-N,6,OCCOCCO
0.00177827941004,,111-46-6,True,True,6,False,{},False,0.00033890768059086085,0.9996991823386349,0.9999342515881,0.9987666069279219,False,diethylene glycol,water-MTHSVFCYNBDYFN-UHFFFAOYSA-N,6,OCCOCCO
0.00237137370566,,111-46-6,True,True,6,False,{},False,0.00045204466315240666,0.9995989778752952,0.9999122807892256,0.9983552558711761,False,diethylene glycol,water-MTHSVFCYNBDYFN-UHFFFAOYSA-N,6,OCCOCCO
0.00316227766017,,111-46-6,True,True,6,False,{},False,0.0006029956991037144,0.9994654501859953,0.9998829492565001,0.9978067197511833,False,diethylene glycol,water-MTHSVFCYNBDYFN-UHFFFAOYSA-N,6,OCCOCCO
0.0056234132519,,111-46-6,True,True,6,False,{},False,0.0010733089946485252,0.9990506493693887,0.9997914333067287,0.9960998529617503,False,diethylene glycol,water-MTHSVFCYNBDYFN-UHFFFAOYSA-N,6,OCCOCCO
0.01,,111-46-6,True,True,6,False,{},False,0.0019118067453673948,0.9983156802492067,0.9996277816593847,0.9930648236356163,False,diethylene glycol,water-MTHSVFCYNBDYFN-UHFFFAOYSA-N,6,OCCOCCO
0.0293333333333,,111-46-6,True,True,6,False,{},False,0.005646979767438887,0.9951100351014633,0.9988906059001158,0.9758478869315813,False,diethylene glycol,water-MTHSVFCYNBDYFN-UHFFFAOYSA-N,6,OCCOCCO
0.0486666666667,,111-46-6,True,True,6,False,{},False,0.00942813732973935,0.991971945770564,0.9981293397071296,0.951088594264457,False,diethylene glycol,water-MTHSVFCYNBDYFN-UHFFFAOYSA-N,6,OCCOCCO
0.068,,111-46-6,True,True,6,False,{},False,0.013248619811642048,0.9889021273913786,0.9973427828070563,0.9263362002099014,False,diethylene glycol,water-MTHSVFCYNBDYFN-UHFFFAOYSA-N,6,OCCOCCO
0.0873333333333,,111-46-6,True,True,6,False,{},False,0.01710156099539939,0.9859011097920255,0.9965296538605442,0.9015909376043538,False,diethylene glycol,water-MTHSVFCYNBDYFN-UHFFFAOYSA-N,6,OCCOCCO
0.106666666667,,111-46-6,True,True,6,False,{},False,0.02145576605095345,0.9829692008988954,0.9956885835022837,0.8768530511995722,False,diethylene glycol,water-MTHSVFCYNBDYFN-UHFFFAOYSA-N,6,OCCOCCO
0.126,,111-46-6,True,True,6,False,{},False,0.025918815652794303,0.9801064440781301,0.9948181066516825,0.8521227964536541,False,diethylene glycol,water-MTHSVFCYNBDYFN-UHFFFAOYSA-N,6,OCCOCCO
0.145333333333,,111-46-6,True,True,6,False,{},False,0.030354714372645697,0.9773125683923478,0.9939166540031398,0.8274004399174627,False,diethylene glycol,water-MTHSVFCYNBDYFN-UHFFFAOYSA-N,6,OCCOCCO
0.164666666667,,111-46-6,True,True,6,False,{},False,0.03476277378901449,0.9745869305720796,0.9929825425924771,0.8026862597328221,False,diethylene glycol,water-MTHSVFCYNBDYFN-UHFFFAOYSA-N,6,OCCOCCO
0.184,,111-46-6,True,True,6,False,{},False,0.03914227500339451,0.9719284472826843,0.9920139653202212,0.7779805461616792,False,diethylene glycol,water-MTHSVFCYNBDYFN-UHFFFAOYSA-N,6,OCCOCCO
0.203333333333,,111-46-6,True,True,6,False,{},False,0.04349246673793372,0.969335516008024,0.9910089792940824,0.75328360212987,False,diethylene glycol,water-MTHSVFCYNBDYFN-UHFFFAOYSA-N,6,OCCOCCO
0.222666666667,,111-46-6,True,True,6,False,{},False,0.047812563283840315,0.966805922567216,0.9899654928334781,0.7285957437960214,False,diethylene glycol,water-MTHSVFCYNBDYFN-UHFFFAOYSA-N,6,OCCOCCO
0.242,,111-46-6,True,True,6,False,{},False,0.05210174228658393,0.9643367329067194,0.9888812509529467,0.7039173011335463,False,diethylene glycol,water-MTHSVFCYNBDYFN-UHFFFAOYSA-N,6,OCCOCCO
0.261333333333,,111-46-6,True,True,6,False,{},False,0.0563592682358951,0.9619241663659881,0.9877538191121651,0.6792484926294711,False,diethylene glycol,water-MTHSVFCYNBDYFN-UHFFFAOYSA-N,6,OCCOCCO
0.280666666667,,111-46-6,True,True,6,False,{},False,0.06058399651016555,0.9595634470841878,0.9865805649873818,0.6545899192482452,False,diethylene glycol,water-MTHSVFCYNBDYFN-UHFFFAOYSA-N,6,OCCOCCO
0.3,,111-46-6,True,True,6,False,{},False,0.06477509526148395,0.9572486295681935,0.9853586379768787,0.6299418403396793,False,diethylene glycol,water-MTHSVFCYNBDYFN-UHFFFAOYSA-N,6,OCCOCCO
0.0001,,109-87-5,True,True,6,False,{},False,7.2833942548200525e-06,1.0207875552477994,0.9999673976129692,0.9999166073427891,False,dimethoxymethane,water-NKDDWNXOKDWJAK-UHFFFAOYSA-N,6,COCOC
0.000133352143216,,109-87-5,True,True,6,False,{},False,9.710926570094536e-06,1.027714970456583,0.9999565231477177,0.9998887945622588,False,dimethoxymethane,water-NKDDWNXOKDWJAK-UHFFFAOYSA-N,6,COCOC
0.000177827941004,,109-87-5,True,True,6,False,{},False,1.2946820219905675e-05,1.036948409487126,0.9999420211377267,0.9998517059796856,False,dimethoxymethane,water-NKDDWNXOKDWJAK-UHFFFAOYSA-N,6,COCOC
0.000316227766017,,109-87-5,True,True,6,False,{},False,2.3006974153139126e-05,1.0656487581380356,0.9998968888162559,0.999736296302391,False,dimethoxymethane,water-NKDDWNXOKDWJAK-UHFFFAOYSA-N,6,COCOC
0.00056234132519,,109-87-5,True,True,6,False,{},False,4.086198091879378e-05,1.1165655193421455,0.9998166124084784,0.9995310753871539,False,dimethoxymethane,water-NKDDWNXOKDWJAK-UHFFFAOYSA-N,6,COCOC
0.001,,109-87-5,True,True,6,False,{},False,7.250340800979416e-05,1.2067299557016555,0.9996737999008781,0.9991661660326999,False,dimethoxymethane,water-NKDDWNXOKDWJAK-UHFFFAOYSA-N,6,COCOC
0.00177827941004,,109-87-5,True,True,6,False,{},False,0.0001284244463019002,1.3658731860504931,0.9994196538132076,0.9985173524467247,False,dimethoxymethane,water-NKDDWNXOKDWJAK-UHFFFAOYSA-N,6,COCOC
0.00316227766017,,109-87-5,True,True,6,False,{},False,0.00022677744506371944,1.6451347511543997,0.9989671234159583,0.9973638873833127,False,dimethoxymethane,water-NKDDWNXOKDWJAK-UHFFFAOYSA-N,6,COCOC
0.0056234132519,,109-87-5,True,True,6,False,{},False,0.000398255524086788,2.130120699033156,0.9981605345938623,0.9953136708789543,False,dimethoxymethane,water-NKDDWNXOKDWJAK-UHFFFAOYSA-N,6,COCOC
0.01,,109-87-5,True,True,6,False,{},False,0.0006925220855077407,2.9569494491621167,0.9967202733989126,0.9916708505977216,False,dimethoxymethane,water-NKDDWNXOKDWJAK-UHFFFAOYSA-N,6,COCOC
0.0293333333333,,109-87-5,True,True,6,False,{},False,0.00183616816200316,6.114969239060939,0.99026589170227,0.9756244782713874,False,dimethoxymethane,water-NKDDWNXOKDWJAK-UHFFFAOYSA-N,6,COCOC
0.0486666666667,,109-87-5,True,True,6,False,{},False,0.036257436817430655,8.587137653776002,0.9836574119224472,0.9596499492456652,False,dimethoxymethane,water-NKDDWNXOKDWJAK-UHFFFAOYSA-N,6,COCOC
0.068,,109-87-5,True,True,6,False,{},False,0.09448170445759874,10.509790727755712,0.9768894023800565,0.9437439255658419,False,dimethoxymethane,water-NKDDWNXOKDWJAK-UHFFFAOYSA-N,6,COCOC
0.0873333333333,,109-87-5,True,True,6,False,{},False,0.15347844272800193,11.992514830137285,0.9699561832352194,0.9279031101260672,False,dimethoxymethane,water-NKDDWNXOKDWJAK-UHFFFAOYSA-N,6,COCOC
0.106666666667,,109-87-5,True,True,6,False,{},False,0.21321050815570775,13.123514767020444,0.9628518130245731,0.9121242458227466,False,dimethoxymethane,water-NKDDWNXOKDWJAK-UHFFFAOYSA-N,6,COCOC
0.126,,109-87-5,True,True,6,False,{},False,0.2736413846682356,13.973873998710316,0.9555700744079169,0.896404114685162,False,dimethoxymethane,water-NKDDWNXOKDWJAK-UHFFFAOYSA-N,6,COCOC
0.135666666667,,109-87-5,True,True,6,False,{},False,0.3041075977812142,14.312193900189591,0.951860669897882,0.8885650789161261,False,dimethoxymethane,water-NKDDWNXOKDWJAK-UHFFFAOYSA-N,6,COCOC
0.145333333333,,109-87-5,True,True,6,False,{},False,0.3347350426036426,14.600942767836111,0.9481044590802477,0.8807395369732193,False,dimethoxymethane,water-NKDDWNXOKDWJAK-UHFFFAOYSA-N,6,COCOC
0.155,,109-87-5,True,True,6,False,{},False,0.36551929532543104,14.845586171006262,0.9443005803344443,0.8729270972080244,False,dimethoxymethane,water-NKDDWNXOKDWJAK-UHFFFAOYSA-N,6,COCOC
0.164666666667,,109-87-5,True,True,6,False,{},False,0.3964559638307982,15.051038204440301,0.9404481518108377,0.8651273702452529,False,dimethoxymethane,water-NKDDWNXOKDWJAK-UHFFFAOYSA-N,6,COCOC
0.174333333333,,109-87-5,False,False,6,False,"{""inlet_not_single_liquid"": 6}",False,,,,,False,dimethoxymethane,water-NKDDWNXOKDWJAK-UHFFFAOYSA-N,0,COCOC
0.184,,109-87-5,False,False,6,False,"{""inlet_not_single_liquid"": 6}",False,,,,,False,dimethoxymethane,water-NKDDWNXOKDWJAK-UHFFFAOYSA-N,0,COCOC
0.203333333333,,109-87-5,False,False,6,False,"{""inlet_not_single_liquid"": 6}",False,,,,,False,dimethoxymethane,water-NKDDWNXOKDWJAK-UHFFFAOYSA-N,0,COCOC
0.222666666667,,109-87-5,False,False,6,False,"{""inlet_not_single_liquid"": 6}",False,,,,,False,dimethoxymethane,water-NKDDWNXOKDWJAK-UHFFFAOYSA-N,0,COCOC
0.242,,109-87-5,False,False,6,False,"{""inlet_not_single_liquid"": 6}",False,,,,,False,dimethoxymethane,water-NKDDWNXOKDWJAK-UHFFFAOYSA-N,0,COCOC
0.261333333333,,109-87-5,False,False,6,False,"{""inlet_not_single_liquid"": 6}",False,,,,,False,dimethoxymethane,water-NKDDWNXOKDWJAK-UHFFFAOYSA-N,0,COCOC
0.280666666667,,109-87-5,False,False,6,False,"{""inlet_not_single_liquid"": 6}",False,,,,,False,dimethoxymethane,water-NKDDWNXOKDWJAK-UHFFFAOYSA-N,0,COCOC
0.3,,109-87-5,False,False,6,False,"{""inlet_not_single_liquid"": 6}",False,,,,,False,dimethoxymethane,water-NKDDWNXOKDWJAK-UHFFFAOYSA-N,0,COCOC
0.0001,,67-56-1,True,True,6,False,{},False,3.512204544531272e-05,1.0007978090029275,0.9999697744931948,0.9999484529541762,False,methanol,water-OKKJLVBELUTLKV-UHFFFAOYSA-N,6,CO
0.000133352143216,,67-56-1,True,True,6,False,{},False,4.683450913700593e-05,1.0010638426824157,0.9999596932535414,0.9999312610821944,False,methanol,water-OKKJLVBELUTLKV-UHFFFAOYSA-N,6,CO
0.000177827941004,,67-56-1,True,True,6,False,{},False,6.245216993050473e-05,1.0014185632724746,0.9999462494044858,0.9999083354867476,False,methanol,water-OKKJLVBELUTLKV-UHFFFAOYSA-N,6,CO
0.000316227766017,,67-56-1,True,True,6,False,{},False,0.00011104273426898459,1.0025220832247073,0.9999044126306066,0.9998369965814832,False,methanol,water-OKKJLVBELUTLKV-UHFFFAOYSA-N,6,CO
0.00056234132519,,67-56-1,True,True,6,False,{},False,0.00019741860781685716,1.0044833293831918,0.9998300069562306,0.9997101397463767,False,methanol,water-OKKJLVBELUTLKV-UHFFFAOYSA-N,6,CO
0.001,,67-56-1,True,True,6,False,{},False,0.00035091872622528,1.007967432842082,0.9996976669387388,0.9994845644563707,False,methanol,water-OKKJLVBELUTLKV-UHFFFAOYSA-N,6,CO
0.00177827941004,,67-56-1,True,True,6,False,{},False,0.000623567640236633,1.0141519674417052,0.999462247353744,0.9990834652608068,False,methanol,water-OKKJLVBELUTLKV-UHFFFAOYSA-N,6,CO
0.00316227766017,,67-56-1,True,True,6,False,{},False,0.001107410844722878,1.025114573706872,0.9990433458912145,0.9983703148170864,False,methanol,water-OKKJLVBELUTLKV-UHFFFAOYSA-N,6,CO
0.0056234132519,,67-56-1,True,True,6,False,{},False,0.0019646498895190545,1.0444983986031626,0.9982975999345507,0.9971025005868135,False,methanol,water-OKKJLVBELUTLKV-UHFFFAOYSA-N,6,CO
0.01,,67-56-1,True,True,6,False,{},False,0.0034790469524033085,1.0786215830346495,0.9969688499434307,0.9948491300169795,False,methanol,water-OKKJLVBELUTLKV-UHFFFAOYSA-N,6,CO
0.0293333333333,,67-56-1,True,True,6,False,{},False,0.010015859114394732,1.224218538490677,0.9910589891958835,0.984912634171078,False,methanol,water-OKKJLVBELUTLKV-UHFFFAOYSA-N,6,CO
0.0486666666667,,67-56-1,True,True,6,False,{},False,0.016304343815424227,1.3618725879821163,0.9850828623039053,0.9750046898008626,False,methanol,water-OKKJLVBELUTLKV-UHFFFAOYSA-N,6,CO
0.068,,67-56-1,True,True,6,False,{},False,0.022345936717570902,1.4921495063346546,0.9790394596187988,0.9651249837475654,False,methanol,water-OKKJLVBELUTLKV-UHFFFAOYSA-N,6,CO
0.0873333333333,,67-56-1,True,True,6,False,{},False,0.028141988215538483,1.6155831208564917,0.9729277550781521,0.955273191334215,False,methanol,water-OKKJLVBELUTLKV-UHFFFAOYSA-N,6,CO
0.106666666667,,67-56-1,True,True,6,False,{},False,0.03369375783458839,1.7326773665863506,0.9667467060916229,0.9454489760505741,False,methanol,water-OKKJLVBELUTLKV-UHFFFAOYSA-N,6,CO
0.126,,67-56-1,True,True,6,False,{},False,0.03900240822631895,1.8439082249243524,0.9604952534438775,0.9356519892299687,False,methanol,water-OKKJLVBELUTLKV-UHFFFAOYSA-N,6,CO
0.145333333333,,67-56-1,True,True,6,False,{},False,0.04406899873425629,1.9497255529528317,0.9541723212144109,0.9258818697142384,False,methanol,water-OKKJLVBELUTLKV-UHFFFAOYSA-N,6,CO
0.164666666667,,67-56-1,True,True,6,False,{},False,0.04889447849391759,2.0505548102491185,0.947776816719546,0.9161382435115396,False,methanol,water-OKKJLVBELUTLKV-UHFFFAOYSA-N,6,CO
0.184,,67-56-1,True,True,6,False,{},False,0.05347967903312856,2.146798689695341,0.9413076304780688,0.9064207234451642,False,methanol,water-OKKJLVBELUTLKV-UHFFFAOYSA-N,6,CO
0.203333333333,,67-56-1,True,True,6,False,{},False,0.057825306336707905,2.2388386584620443,0.9347636361993177,0.8967289087874811,False,methanol,water-OKKJLVBELUTLKV-UHFFFAOYSA-N,6,CO
0.222666666667,,67-56-1,True,True,6,False,{},False,0.06193193232924732,2.3270364148565137,0.9281436908025203,0.8870623848879157,False,methanol,water-OKKJLVBELUTLKV-UHFFFAOYSA-N,6,CO
0.242,,67-56-1,True,True,6,False,{},False,0.06579998573282486,2.4117352665570113,0.9214466344675648,0.8774207227900732,False,methanol,water-OKKJLVBELUTLKV-UHFFFAOYSA-N,6,CO
0.261333333333,,67-56-1,True,True,6,False,{},False,0.0694297422517266,2.493261435440523,0.9146712907172911,0.8678034788331995,False,methanol,water-OKKJLVBELUTLKV-UHFFFAOYSA-N,6,CO
0.271,,67-56-1,True,True,6,False,{},False,0.07115530091671274,2.5329323418232703,0.9112538888871691,0.8630038708933044,False,methanol,water-OKKJLVBELUTLKV-UHFFFAOYSA-N,6,CO
0.280666666667,,67-56-1,True,True,6,False,{},False,0.07282131402604497,2.5719252938133876,0.9078164665410938,0.8582101942466344,False,methanol,water-OKKJLVBELUTLKV-UHFFFAOYSA-N,6,CO
0.290333333333,,67-56-1,True,True,6,False,{},False,0.07442776818085517,2.6102768037701622,0.9043588719968134,0.853422389117761,False,methanol,water-OKKJLVBELUTLKV-UHFFFAOYSA-N,6,CO
0.3,,67-56-1,True,True,6,False,{},False,0.07597463829713391,2.648022536717067,0.9008809525607581,0.8486403947323715,False,methanol,water-OKKJLVBELUTLKV-UHFFFAOYSA-N,6,CO
0.0001,,123-51-3,True,True,6,False,{},False,2.203331473915604e-05,1.0004031803737317,1.0000296711992211,0.9999263291208567,False,3-methyl-1-butanol,water-PHTQWCKDNZKARW-UHFFFAOYSA-N,6,CC(C)CCO
0.000177827941004,,123-51-3,True,True,6,False,{},False,3.9172032618051134e-05,1.000716199611607,1.0000527675596802,0.9998689954622896,False,3-methyl-1-butanol,water-PHTQWCKDNZKARW-UHFFFAOYSA-N,6,CC(C)CCO
0.000316227766017,,123-51-3,True,True,6,False,{},False,6.962924168874007e-05,1.0012711792700508,1.0000938477276324,0.999767046401133,False,3-methyl-1-butanol,water-PHTQWCKDNZKARW-UHFFFAOYSA-N,6,CC(C)CCO
0.00056234132519,,123-51-3,True,True,6,False,{},False,0.0001237267884546256,1.0022528701817117,1.0001669262738688,0.9995857720927839,False,3-methyl-1-butanol,water-PHTQWCKDNZKARW-UHFFFAOYSA-N,6,CC(C)CCO
0.001,,123-51-3,True,True,6,False,{},False,0.00021972567181605118,1.003982195195248,1.0002969643059412,0.9992634776789817,False,3-methyl-1-butanol,water-PHTQWCKDNZKARW-UHFFFAOYSA-N,6,CC(C)CCO
0.00177827941004,,123-51-3,True,True,6,False,{},False,0.0003898026785355002,1.0070061556833836,1.0005284741233544,0.9986905438033924,False,3-methyl-1-butanol,water-PHTQWCKDNZKARW-UHFFFAOYSA-N,6,CC(C)CCO
0.00316227766017,,123-51-3,True,True,6,False,{},False,0.000690247140558431,1.0122247352552725,1.0009410060481567,0.9976723244059494,False,3-methyl-1-butanol,water-PHTQWCKDNZKARW-UHFFFAOYSA-N,6,CC(C)CCO
0.0056234132519,,123-51-3,True,True,6,False,{},False,0.001218256790816663,1.0210201577069586,1.0016772797866362,0.9958635885234646,False,3-methyl-1-butanol,water-PHTQWCKDNZKARW-UHFFFAOYSA-N,6,CC(C)CCO
0.01,,123-51-3,True,True,6,False,{},False,0.002137730057751419,1.0352229757943139,1.0029951104772123,0.9926532448463034,False,3-methyl-1-butanol,water-PHTQWCKDNZKARW-UHFFFAOYSA-N,6,CC(C)CCO
0.0293333333333,,123-51-3,False,False,6,False,"{""inlet_not_single_liquid"": 6}",False,,,,,False,3-methyl-1-butanol,water-PHTQWCKDNZKARW-UHFFFAOYSA-N,0,CC(C)CCO
0.0486666666667,,123-51-3,False,False,6,False,"{""inlet_not_single_liquid"": 12}",False,,,,,False,3-methyl-1-butanol,water-PHTQWCKDNZKARW-UHFFFAOYSA-N,0,CC(C)CCO
0.068,,123-51-3,False,False,6,False,"{""inlet_not_single_liquid"": 12}",False,,,,,False,3-methyl-1-butanol,water-PHTQWCKDNZKARW-UHFFFAOYSA-N,0,CC(C)CCO
0.0873333333333,,123-51-3,False,False,6,False,"{""inlet_not_single_liquid"": 12}",False,,,,,False,3-methyl-1-butanol,water-PHTQWCKDNZKARW-UHFFFAOYSA-N,0,CC(C)CCO
0.106666666667,,123-51-3,False,False,6,False,"{""inlet_not_single_liquid"": 12}",False,,,,,False,3-methyl-1-butanol,water-PHTQWCKDNZKARW-UHFFFAOYSA-N,0,CC(C)CCO
0.126,,123-51-3,False,False,6,False,"{""inlet_not_single_liquid"": 12}",False,,,,,False,3-methyl-1-butanol,water-PHTQWCKDNZKARW-UHFFFAOYSA-N,0,CC(C)CCO
0.145333333333,,123-51-3,False,False,6,False,"{""inlet_not_single_liquid"": 12}",False,,,,,False,3-methyl-1-butanol,water-PHTQWCKDNZKARW-UHFFFAOYSA-N,0,CC(C)CCO
0.164666666667,,123-51-3,False,False,6,False,"{""inlet_not_single_liquid"": 12}",False,,,,,False,3-methyl-1-butanol,water-PHTQWCKDNZKARW-UHFFFAOYSA-N,0,CC(C)CCO
0.184,,123-51-3,False,False,6,False,"{""inlet_not_single_liquid"": 12}",False,,,,,False,3-methyl-1-butanol,water-PHTQWCKDNZKARW-UHFFFAOYSA-N,0,CC(C)CCO
0.203333333333,,123-51-3,False,False,6,False,"{""inlet_not_single_liquid"": 12}",False,,,,,False,3-methyl-1-butanol,water-PHTQWCKDNZKARW-UHFFFAOYSA-N,0,CC(C)CCO
0.222666666667,,123-51-3,False,False,6,False,"{""inlet_not_single_liquid"": 12}",False,,,,,False,3-methyl-1-butanol,water-PHTQWCKDNZKARW-UHFFFAOYSA-N,0,CC(C)CCO
0.242,,123-51-3,False,False,6,False,"{""inlet_not_single_liquid"": 12}",False,,,,,False,3-methyl-1-butanol,water-PHTQWCKDNZKARW-UHFFFAOYSA-N,0,CC(C)CCO
0.261333333333,,123-51-3,False,False,6,False,"{""inlet_not_single_liquid"": 12}",False,,,,,False,3-methyl-1-butanol,water-PHTQWCKDNZKARW-UHFFFAOYSA-N,0,CC(C)CCO
0.280666666667,,123-51-3,False,False,6,False,"{""inlet_not_single_liquid"": 12}",False,,,,,False,3-methyl-1-butanol,water-PHTQWCKDNZKARW-UHFFFAOYSA-N,0,CC(C)CCO
0.3,,123-51-3,False,False,6,False,"{""inlet_not_single_liquid"": 12}",False,,,,,False,3-methyl-1-butanol,water-PHTQWCKDNZKARW-UHFFFAOYSA-N,0,CC(C)CCO
0.0001,,111-76-2,True,True,6,False,{},False,2.3493626884474317e-05,1.000054496254992,0.99999044375192,0.9999212266530044,False,2-butoxyethanol,water-POAOYUHQDCAZBD-UHFFFAOYSA-N,6,CCCCOCCO
0.000177827941004,,111-76-2,True,True,6,False,{},False,4.1776783211155966e-05,1.0000968662185028,0.9999830052628834,0.9998599196454867,False,2-butoxyethanol,water-POAOYUHQDCAZBD-UHFFFAOYSA-N,6,CCCCOCCO
0.000316227766017,,111-76-2,True,True,6,False,{},False,7.428620887794946e-05,1.0001721182008365,0.999969775262891,0.9997509000974252,False,2-butoxyethanol,water-POAOYUHQDCAZBD-UHFFFAOYSA-N,6,CCCCOCCO
0.00056234132519,,111-76-2,True,True,6,False,{},False,0.00013208713796153404,1.000305641481691,0.999946241388046,0.9995570374365991,False,2-butoxyethanol,water-POAOYUHQDCAZBD-UHFFFAOYSA-N,6,CCCCOCCO
0.001,,111-76-2,True,True,6,False,{},False,0.00023484199085610502,1.0005421500200629,0.9999043686785243,0.9992123098662137,False,2-butoxyethanol,water-POAOYUHQDCAZBD-UHFFFAOYSA-N,6,CCCCOCCO
0.00177827941004,,111-76-2,True,True,6,False,{},False,0.00041746969041422943,1.0009597893889957,0.9998298347864026,0.9985993334753003,False,2-butoxyethanol,water-POAOYUHQDCAZBD-UHFFFAOYSA-N,6,CCCCOCCO
0.00316227766017,,111-76-2,True,True,6,False,{},False,0.0007419192342380532,1.0016932425878322,0.9996970629108772,0.9975094341549869,False,2-butoxyethanol,water-POAOYUHQDCAZBD-UHFFFAOYSA-N,6,CCCCOCCO
0.0056234132519,,111-76-2,True,True,6,False,{},False,0.001317889545735751,1.0029687266681064,0.9994602280633422,0.9955717435495158,False,2-butoxyethanol,water-POAOYUHQDCAZBD-UHFFFAOYSA-N,6,CCCCOCCO
0.01,,111-76-2,True,True,6,False,{},False,0.0023389890438624272,1.0051478991996294,0.9990367478376232,0.9921274246977759,False,2-butoxyethanol,water-POAOYUHQDCAZBD-UHFFFAOYSA-N,6,CCCCOCCO
0.0293333333333,,111-76-2,True,True,6,False,{},False,0.00680155563190743,1.0135082012355137,0.9971297230655229,0.9769342313175008,False,2-butoxyethanol,water-POAOYUHQDCAZBD-UHFFFAOYSA-N,6,CCCCOCCO
0.0486666666667,,111-76-2,False,False,6,False,"{""inlet_not_single_liquid"": 6}",False,,,,,False,2-butoxyethanol,water-POAOYUHQDCAZBD-UHFFFAOYSA-N,0,CCCCOCCO
0.068,,111-76-2,False,False,6,False,"{""inlet_not_single_liquid"": 6}",False,,,,,False,2-butoxyethanol,water-POAOYUHQDCAZBD-UHFFFAOYSA-N,0,CCCCOCCO
0.0873333333333,,111-76-2,False,False,6,False,"{""inlet_not_single_liquid"": 6}",False,,,,,False,2-butoxyethanol,water-POAOYUHQDCAZBD-UHFFFAOYSA-N,0,CCCCOCCO
0.106666666667,,111-76-2,False,False,6,False,"{""inlet_not_single_liquid"": 6}",False,,,,,False,2-butoxyethanol,water-POAOYUHQDCAZBD-UHFFFAOYSA-N,0,CCCCOCCO
0.126,,111-76-2,False,False,6,False,"{""inlet_not_single_liquid"": 6}",False,,,,,False,2-butoxyethanol,water-POAOYUHQDCAZBD-UHFFFAOYSA-N,0,CCCCOCCO
0.145333333333,,111-76-2,False,False,6,False,"{""inlet_not_single_liquid"": 6}",False,,,,,False,2-butoxyethanol,water-POAOYUHQDCAZBD-UHFFFAOYSA-N,0,CCCCOCCO
0.164666666667,,111-76-2,False,False,6,False,"{""inlet_not_single_liquid"": 6}",False,,,,,False,2-butoxyethanol,water-POAOYUHQDCAZBD-UHFFFAOYSA-N,0,CCCCOCCO
0.184,,111-76-2,False,False,6,False,"{""inlet_not_single_liquid"": 6}",False,,,,,False,2-butoxyethanol,water-POAOYUHQDCAZBD-UHFFFAOYSA-N,0,CCCCOCCO
0.203333333333,,111-76-2,False,False,6,False,"{""inlet_not_single_liquid"": 12}",False,,,,,False,2-butoxyethanol,water-POAOYUHQDCAZBD-UHFFFAOYSA-N,0,CCCCOCCO
0.222666666667,,111-76-2,False,False,6,False,"{""inlet_not_single_liquid"": 12}",False,,,,,False,2-butoxyethanol,water-POAOYUHQDCAZBD-UHFFFAOYSA-N,0,CCCCOCCO
0.242,,111-76-2,False,False,6,False,"{""inlet_not_single_liquid"": 12}",False,,,,,False,2-butoxyethanol,water-POAOYUHQDCAZBD-UHFFFAOYSA-N,0,CCCCOCCO
0.261333333333,,111-76-2,False,False,6,False,"{""inlet_not_single_liquid"": 12}",False,,,,,False,2-butoxyethanol,water-POAOYUHQDCAZBD-UHFFFAOYSA-N,0,CCCCOCCO
0.280666666667,,111-76-2,False,False,6,False,"{""inlet_not_single_liquid"": 12}",False,,,,,False,2-butoxyethanol,water-POAOYUHQDCAZBD-UHFFFAOYSA-N,0,CCCCOCCO
0.3,,111-76-2,False,False,6,False,"{""inlet_not_single_liquid"": 12}",False,,,,,False,2-butoxyethanol,water-POAOYUHQDCAZBD-UHFFFAOYSA-N,0,CCCCOCCO
0.0001,,60-29-7,True,True,6,False,{},False,3.280603453259534e-05,1.0627675076302223,0.9999648106064316,0.9999171900814456,False,diethyl ether,water-RTZKZFJDLAIYFH-UHFFFAOYSA-N,6,CCOCC
0.000177827941004,,60-29-7,True,True,6,False,{},False,5.833332740290409e-05,1.1115795573598795,0.999937420596033,0.9998527421788025,False,diethyl ether,water-RTZKZFJDLAIYFH-UHFFFAOYSA-N,6,CCOCC
0.000316227766017,,60-29-7,True,True,6,False,{},False,0.00010371724685331873,1.198297598975686,0.9998887073843163,0.999738138723261,False,diethyl ether,water-RTZKZFJDLAIYFH-UHFFFAOYSA-N,6,CCOCC
0.00056234132519,,60-29-7,True,True,6,False,{},False,0.00018438858801961278,1.3522429924532091,0.9998020623241513,0.9995343509983424,False,diethyl ether,water-RTZKZFJDLAIYFH-UHFFFAOYSA-N,6,CCOCC
0.001,,60-29-7,True,True,6,False,{},False,0.0003277374980575898,1.6251692226509489,0.9996479219515084,0.9991719886916555,False,diethyl ether,water-RTZKZFJDLAIYFH-UHFFFAOYSA-N,6,CCOCC
0.00177827941004,,60-29-7,True,True,6,False,{},False,0.0005823131249430569,2.107887316576646,0.9993736234635342,0.9985276995600907,False,diethyl ether,water-RTZKZFJDLAIYFH-UHFFFAOYSA-N,6,CCOCC
0.00316227766017,,60-29-7,True,True,6,False,{},False,0.001033950877067924,2.9580572455503393,0.9988852302445126,0.9973822649497945,False,diethyl ether,water-RTZKZFJDLAIYFH-UHFFFAOYSA-N,6,CCOCC
0.0056234132519,,60-29-7,True,True,6,False,{},False,0.0018337230435856444,4.444129246766705,0.9980147843556343,0.9953462817699354,False,diethyl ether,water-RTZKZFJDLAIYFH-UHFFFAOYSA-N,6,CCOCC
0.01,,60-29-7,True,True,6,False,{},False,0.005087303596141068,7.006859914458844,0.9964607050163331,0.9917286306932087,False,diethyl ether,water-RTZKZFJDLAIYFH-UHFFFAOYSA-N,6,CCOCC
0.0293333333333,,60-29-7,True,True,6,False,{},False,0.021066057611628164,17.176288267228813,0.9894995126761701,0.9757916178332547,False,diethyl ether,water-RTZKZFJDLAIYFH-UHFFFAOYSA-N,6,CCOCC
0.0486666666667,,60-29-7,False,False,6,False,"{""inlet_not_single_liquid"": 6}",False,,,,,False,diethyl ether,water-RTZKZFJDLAIYFH-UHFFFAOYSA-N,0,CCOCC
0.068,,60-29-7,False,False,6,False,"{""inlet_not_single_liquid"": 12}",False,,,,,False,diethyl ether,water-RTZKZFJDLAIYFH-UHFFFAOYSA-N,0,CCOCC
0.0873333333333,,60-29-7,False,False,6,False,"{""inlet_not_single_liquid"": 12}",False,,,,,False,diethyl ether,water-RTZKZFJDLAIYFH-UHFFFAOYSA-N,0,CCOCC
0.106666666667,,60-29-7,False,False,6,False,"{""inlet_not_single_liquid"": 12}",False,,,,,False,diethyl ether,water-RTZKZFJDLAIYFH-UHFFFAOYSA-N,0,CCOCC
0.126,,60-29-7,False,False,6,False,"{""inlet_not_single_liquid"": 12}",False,,,,,False,diethyl ether,water-RTZKZFJDLAIYFH-UHFFFAOYSA-N,0,CCOCC
0.145333333333,,60-29-7,False,False,6,False,"{""inlet_not_single_liquid"": 12}",False,,,,,False,diethyl ether,water-RTZKZFJDLAIYFH-UHFFFAOYSA-N,0,CCOCC
0.164666666667,,60-29-7,False,False,6,False,"{""inlet_not_single_liquid"": 12}",False,,,,,False,diethyl ether,water-RTZKZFJDLAIYFH-UHFFFAOYSA-N,0,CCOCC
0.184,,60-29-7,False,False,6,False,"{""inlet_not_single_liquid"": 12}",False,,,,,False,diethyl ether,water-RTZKZFJDLAIYFH-UHFFFAOYSA-N,0,CCOCC
0.203333333333,,60-29-7,False,False,6,False,"{""inlet_not_single_liquid"": 12}",False,,,,,False,diethyl ether,water-RTZKZFJDLAIYFH-UHFFFAOYSA-N,0,CCOCC
0.222666666667,,60-29-7,False,False,6,False,"{""inlet_not_single_liquid"": 12}",False,,,,,False,diethyl ether,water-RTZKZFJDLAIYFH-UHFFFAOYSA-N,0,CCOCC
0.242,,60-29-7,False,False,6,False,"{""inlet_not_single_liquid"": 12}",False,,,,,False,diethyl ether,water-RTZKZFJDLAIYFH-UHFFFAOYSA-N,0,CCOCC
0.261333333333,,60-29-7,False,False,6,False,"{""inlet_not_single_liquid"": 12}",False,,,,,False,diethyl ether,water-RTZKZFJDLAIYFH-UHFFFAOYSA-N,0,CCOCC
0.280666666667,,60-29-7,False,False,6,False,"{""inlet_not_single_liquid"": 12}",False,,,,,False,diethyl ether,water-RTZKZFJDLAIYFH-UHFFFAOYSA-N,0,CCOCC
0.3,,60-29-7,False,False,6,False,"{""inlet_not_single_liquid"": 12}",False,,,,,False,diethyl ether,water-RTZKZFJDLAIYFH-UHFFFAOYSA-N,0,CCOCC
0.0001,,98-82-8,False,False,6,False,"{""inlet_not_single_liquid"": 6}",False,,,,,False,cumene,water-RWGFKTVRMDUZSP-UHFFFAOYSA-N,0,CC(C)c1ccccc1
0.000177827941004,,98-82-8,False,False,6,False,"{""inlet_not_single_liquid"": 6}",False,,,,,False,cumene,water-RWGFKTVRMDUZSP-UHFFFAOYSA-N,0,CC(C)c1ccccc1
0.000316227766017,,98-82-8,False,False,6,False,"{""inlet_not_single_liquid"": 6}",False,,,,,False,cumene,water-RWGFKTVRMDUZSP-UHFFFAOYSA-N,0,CC(C)c1ccccc1
0.00056234132519,,98-82-8,False,False,6,False,"{""inlet_not_single_liquid"": 6}",False,,,,,False,cumene,water-RWGFKTVRMDUZSP-UHFFFAOYSA-N,0,CC(C)c1ccccc1
0.001,,98-82-8,False,False,6,False,"{""inlet_not_single_liquid"": 6}",False,,,,,False,cumene,water-RWGFKTVRMDUZSP-UHFFFAOYSA-N,0,CC(C)c1ccccc1
0.00177827941004,,98-82-8,False,False,6,False,"{""inlet_not_single_liquid"": 6}",False,,,,,False,cumene,water-RWGFKTVRMDUZSP-UHFFFAOYSA-N,0,CC(C)c1ccccc1
0.00316227766017,,98-82-8,False,False,6,False,"{""inlet_not_single_liquid"": 6}",False,,,,,False,cumene,water-RWGFKTVRMDUZSP-UHFFFAOYSA-N,0,CC(C)c1ccccc1
0.0056234132519,,98-82-8,False,False,6,False,"{""inlet_not_single_liquid"": 6}",False,,,,,False,cumene,water-RWGFKTVRMDUZSP-UHFFFAOYSA-N,0,CC(C)c1ccccc1
0.01,,98-82-8,False,False,6,False,"{""inlet_not_single_liquid"": 6}",False,,,,,False,cumene,water-RWGFKTVRMDUZSP-UHFFFAOYSA-N,0,CC(C)c1ccccc1
0.0293333333333,,98-82-8,False,False,6,False,"{""inlet_not_single_liquid"": 6}",False,,,,,False,cumene,water-RWGFKTVRMDUZSP-UHFFFAOYSA-N,0,CC(C)c1ccccc1
0.0486666666667,,98-82-8,False,False,6,False,"{""inlet_not_single_liquid"": 12}",False,,,,,False,cumene,water-RWGFKTVRMDUZSP-UHFFFAOYSA-N,0,CC(C)c1ccccc1
0.068,,98-82-8,False,False,6,False,"{""inlet_not_single_liquid"": 12}",False,,,,,False,cumene,water-RWGFKTVRMDUZSP-UHFFFAOYSA-N,0,CC(C)c1ccccc1
0.0873333333333,,98-82-8,False,False,6,False,"{""inlet_not_single_liquid"": 12}",False,,,,,False,cumene,water-RWGFKTVRMDUZSP-UHFFFAOYSA-N,0,CC(C)c1ccccc1
0.106666666667,,98-82-8,False,False,6,False,"{""inlet_not_single_liquid"": 12}",False,,,,,False,cumene,water-RWGFKTVRMDUZSP-UHFFFAOYSA-N,0,CC(C)c1ccccc1
0.126,,98-82-8,False,False,6,False,"{""inlet_not_single_liquid"": 12}",False,,,,,False,cumene,water-RWGFKTVRMDUZSP-UHFFFAOYSA-N,0,CC(C)c1ccccc1
0.145333333333,,98-82-8,False,False,6,False,"{""inlet_not_single_liquid"": 12}",False,,,,,False,cumene,water-RWGFKTVRMDUZSP-UHFFFAOYSA-N,0,CC(C)c1ccccc1
0.164666666667,,98-82-8,False,False,6,False,"{""inlet_not_single_liquid"": 12}",False,,,,,False,cumene,water-RWGFKTVRMDUZSP-UHFFFAOYSA-N,0,CC(C)c1ccccc1
0.184,,98-82-8,False,False,6,False,"{""inlet_not_single_liquid"": 12}",False,,,,,False,cumene,water-RWGFKTVRMDUZSP-UHFFFAOYSA-N,0,CC(C)c1ccccc1
0.203333333333,,98-82-8,False,False,6,False,"{""inlet_not_single_liquid"": 12}",False,,,,,False,cumene,water-RWGFKTVRMDUZSP-UHFFFAOYSA-N,0,CC(C)c1ccccc1
0.222666666667,,98-82-8,False,False,6,False,"{""inlet_not_single_liquid"": 12}",False,,,,,False,cumene,water-RWGFKTVRMDUZSP-UHFFFAOYSA-N,0,CC(C)c1ccccc1
0.242,,98-82-8,False,False,6,False,"{""inlet_not_single_liquid"": 12}",False,,,,,False,cumene,water-RWGFKTVRMDUZSP-UHFFFAOYSA-N,0,CC(C)c1ccccc1
0.261333333333,,98-82-8,False,False,6,False,"{""inlet_not_single_liquid"": 12}",False,,,,,False,cumene,water-RWGFKTVRMDUZSP-UHFFFAOYSA-N,0,CC(C)c1ccccc1
0.280666666667,,98-82-8,False,False,6,False,"{""inlet_not_single_liquid"": 12}",False,,,,,False,cumene,water-RWGFKTVRMDUZSP-UHFFFAOYSA-N,0,CC(C)c1ccccc1
0.3,,98-82-8,False,False,6,False,"{""inlet_not_single_liquid"": 12}",False,,,,,False,cumene,water-RWGFKTVRMDUZSP-UHFFFAOYSA-N,0,CC(C)c1ccccc1
0.0001,,123-91-1,True,True,6,False,{},False,2.993241565718563e-06,1.000220374183514,1.0000053543233616,0.999919045800086,False,"1,4-dioxane",water-RYHBNJHYFVUHQT-UHFFFAOYSA-N,6,C1COCCO1
0.000177827941004,,123-91-1,True,True,6,False,{},False,5.3226425047459e-06,1.000391881075446,1.0000095220924294,0.9998560408907812,False,"1,4-dioxane",water-RYHBNJHYFVUHQT-UHFFFAOYSA-N,6,C1COCCO1
0.000316227766017,,123-91-1,True,True,6,False,{},False,9.464584689200528e-06,1.0006968557083304,1.0000169348684689,0.9997440007257578,False,"1,4-dioxane",water-RYHBNJHYFVUHQT-UHFFFAOYSA-N,6,C1COCCO1
0.00056234132519,,123-91-1,True,True,6,False,{},False,1.682890194654174e-05,1.0012391461318524,1.0000301210253217,0.999544762538384,False,"1,4-dioxane",water-RYHBNJHYFVUHQT-UHFFFAOYSA-N,6,C1COCCO1
0.001,,123-91-1,True,True,6,False,{},False,2.9920876938427377e-05,1.0022033643777262,1.0000535828916957,0.999190463052748,False,"1,4-dioxane",water-RYHBNJHYFVUHQT-UHFFFAOYSA-N,6,C1COCCO1
0.00177827941004,,123-91-1,True,True,6,False,{},False,5.318991530145478e-05,1.0039176156619758,1.0000953464225226,0.9985604248923046,False,"1,4-dioxane",water-RYHBNJHYFVUHQT-UHFFFAOYSA-N,6,C1COCCO1
0.00316227766017,,123-91-1,True,True,6,False,{},False,9.453027406725045e-05,1.006964769608346,1.0001697460428158,0.9974400578557687,False,"1,4-dioxane",water-RYHBNJHYFVUHQT-UHFFFAOYSA-N,6,C1COCCO1
0.0056234132519,,123-91-1,True,True,6,False,{},False,0.00016792287590117194,1.012379437724842,1.0003024696186877,0.995447785675717,False,"1,4-dioxane",water-RYHBNJHYFVUHQT-UHFFFAOYSA-N,6,C1COCCO1
0.01,,123-91-1,True,True,6,False,{},False,0.0002980471355726877,1.0219953591558717,1.0005398272652173,0.9919051390325072,False,"1,4-dioxane",water-RYHBNJHYFVUHQT-UHFFFAOYSA-N,6,C1COCCO1
0.0293333333333,,123-91-1,True,True,6,False,{},False,0.0008668091231923691,1.0642686147917582,1.0016092891161181,0.976258339687752,False,"1,4-dioxane",water-RYHBNJHYFVUHQT-UHFFFAOYSA-N,6,C1COCCO1
0.0486666666667,,123-91-1,True,True,6,False,{},False,0.0014254004398071007,1.1061879838556896,1.0027141714602417,0.9606159870361702,False,"1,4-dioxane",water-RYHBNJHYFVUHQT-UHFFFAOYSA-N,6,C1COCCO1
0.068,,123-91-1,True,True,6,False,{},False,0.0019734045180853643,1.1477252503132696,1.0038562629084105,0.9449782590071442,False,"1,4-dioxane",water-RYHBNJHYFVUHQT-UHFFFAOYSA-N,6,C1COCCO1
0.0873333333333,,123-91-1,True,True,6,False,{},False,0.002510382152130619,1.1888511097780854,1.0050374745096369,0.929345343203643,False,"1,4-dioxane",water-RYHBNJHYFVUHQT-UHFFFAOYSA-N,6,C1COCCO1
0.106666666667,,123-91-1,True,True,6,False,{},False,0.0030358699839015957,1.2295351553543012,1.0062598504061087,0.9137174375759627,False,"1,4-dioxane",water-RYHBNJHYFVUHQT-UHFFFAOYSA-N,6,C1COCCO1
0.126,,123-91-1,True,True,6,False,{},False,0.003549378872529596,1.2697458674595743,1.0075255796200226,0.8980947511550837,False,"1,4-dioxane",water-RYHBNJHYFVUHQT-UHFFFAOYSA-N,6,C1COCCO1
0.145333333333,,123-91-1,True,True,6,False,{},False,0.004050392136990877,1.3094506084475797,1.0088370091154206,0.8824775048461808,False,"1,4-dioxane",water-RYHBNJHYFVUHQT-UHFFFAOYSA-N,6,C1COCCO1
0.164666666667,,123-91-1,True,True,6,False,{},False,0.004538363661397815,1.3486156229388446,1.0101966582981934,0.8668659322971706,False,"1,4-dioxane",water-RYHBNJHYFVUHQT-UHFFFAOYSA-N,6,C1COCCO1
0.184,,123-91-1,True,True,6,False,{},False,0.00501271585177554,1.3872060449399677,1.0116072351425014,0.8512602808476565,False,"1,4-dioxane",water-RYHBNJHYFVUHQT-UHFFFAOYSA-N,6,C1COCCO1
0.203333333333,,123-91-1,True,True,6,False,{},False,0.005472837432611732,1.4251859130120732,1.0130716541613463,0.8356608125581104,False,"1,4-dioxane",water-RYHBNJHYFVUHQT-UHFFFAOYSA-N,6,C1COCCO1
0.222666666667,,123-91-1,True,True,6,False,{},False,0.0059180810699962505,1.4625181948811212,1.0145930564704746,0.820067805344083,False,"1,4-dioxane",water-RYHBNJHYFVUHQT-UHFFFAOYSA-N,6,C1COCCO1
0.242,,123-91-1,True,True,6,False,{},False,0.006347760808204095,1.4991648231592873,1.0161748322363706,0.8044815542195672,False,"1,4-dioxane",water-RYHBNJHYFVUHQT-UHFFFAOYSA-N,6,C1COCCO1
0.261333333333,,123-91-1,True,True,6,False,{},False,0.006761149305954617,1.5350867440991982,1.0178206458461296,0.788902372655292,False,"1,4-dioxane",water-RYHBNJHYFVUHQT-UHFFFAOYSA-N,6,C1COCCO1
0.280666666667,,123-91-1,True,True,6,False,{},False,0.007157474857585888,1.570243981546214,1.0195344641903827,0.7733305940813971,False,"1,4-dioxane",water-RYHBNJHYFVUHQT-UHFFFAOYSA-N,6,C1COCCO1
0.3,,123-91-1,True,True,6,False,{},False,0.00753591818490873,1.604595718648377,1.0213205885185193,0.7577665735444197,False,"1,4-dioxane",water-RYHBNJHYFVUHQT-UHFFFAOYSA-N,6,C1COCCO1
0.0001,,141-79-7,True,True,6,False,{},False,2.2313451767397297e-05,1.0004477892503154,0.9999861595237434,0.9999200602043743,False,mesityl oxide,water-SHOJXDKTYKFBRD-UHFFFAOYSA-N,6,CC(=O)C=C(C)C
0.000177827941004,,141-79-7,True,True,6,False,{},False,3.9681239901945276e-05,1.0007960678129726,0.9999753863345039,0.9998578449425284,False,mesityl oxide,water-SHOJXDKTYKFBRD-UHFFFAOYSA-N,6,CC(=O)C=C(C)C
0.000316227766017,,141-79-7,True,True,6,False,{},False,7.056966956764388e-05,1.0014149147461506,0.9999562254977709,0.9997472093319122,False,mesityl oxide,water-SHOJXDKTYKFBRD-UHFFFAOYSA-N,6,CC(=O)C=C(C)C
0.00056234132519,,141-79-7,True,True,6,False,{},False,0.00012550946715916833,1.0025138503864388,0.9999221423821458,0.999550469912026,False,mesityl oxide,water-SHOJXDKTYKFBRD-UHFFFAOYSA-N,6,CC(=O)C=C(C)C
0.001,,141-79-7,True,True,6,False,{},False,0.00022324425664943526,1.0044631800809831,0.9998615020884776,0.9992006173413928,False,mesityl oxide,water-SHOJXDKTYKFBRD-UHFFFAOYSA-N,6,CC(=O)C=C(C)C
0.00177827941004,,141-79-7,True,True,6,False,{},False,0.00039715931267392257,1.0079142274907722,0.9997535685940276,0.9985784978245055,False,mesityl oxide,water-SHOJXDKTYKFBRD-UHFFFAOYSA-N,6,CC(=O)C=C(C)C
0.00316227766017,,141-79-7,True,True,6,False,{},False,0.0007067931047618492,1.014002673353545,0.9995613218334987,0.9974722465049227,False,mesityl oxide,water-SHOJXDKTYKFBRD-UHFFFAOYSA-N,6,CC(=O)C=C(C)C
0.0056234132519,,141-79-7,True,True,6,False,{},False,0.0012585582779313098,1.0246776385678298,0.9992184669840494,0.9955051842916245,False,mesityl oxide,water-SHOJXDKTYKFBRD-UHFFFAOYSA-N,6,CC(=O)C=C(C)C
0.01,,141-79-7,True,True,6,False,{},False,0.002243375409799131,1.0431873884998497,0.998605636763168,0.9920077119243177,False,mesityl oxide,water-SHOJXDKTYKFBRD-UHFFFAOYSA-N,6,CC(=O)C=C(C)C
0.0293333333333,,141-79-7,True,True,6,False,{},False,0.006648699420944371,1.1180481655959058,0.9958494601742833,0.9765658098018796,False,mesityl oxide,water-SHOJXDKTYKFBRD-UHFFFAOYSA-N,6,CC(=O)C=C(C)C
0.0486666666667,,141-79-7,False,False,6,False,"{""outlet_liquid_liquid_split"": 2}",False,0.0038414967896204244,1.1825231711538442,0.9930106598559344,0.9611372709271694,False,mesityl oxide,water-SHOJXDKTYKFBRD-UHFFFAOYSA-N,4,CC(=O)C=C(C)C
0.068,,141-79-7,False,False,6,False,"{""outlet_liquid_liquid_split"": 2}",False,0.005313384551918321,1.237704011770228,0.9900854760803973,0.9457225569144367,False,mesityl oxide,water-SHOJXDKTYKFBRD-UHFFFAOYSA-N,4,CC(=O)C=C(C)C
0.0873333333333,,141-79-7,False,False,6,False,"{""inlet_not_single_liquid"": 6}",False,,,,,False,mesityl oxide,water-SHOJXDKTYKFBRD-UHFFFAOYSA-N,0,CC(=O)C=C(C)C
0.106666666667,,141-79-7,False,False,6,False,"{""inlet_not_single_liquid"": 6}",False,,,,,False,mesityl oxide,water-SHOJXDKTYKFBRD-UHFFFAOYSA-N,0,CC(=O)C=C(C)C
0.126,,141-79-7,False,False,6,False,"{""inlet_not_single_liquid"": 6}",False,,,,,False,mesityl oxide,water-SHOJXDKTYKFBRD-UHFFFAOYSA-N,0,CC(=O)C=C(C)C
0.145333333333,,141-79-7,False,False,6,False,"{""inlet_not_single_liquid"": 12}",False,,,,,False,mesityl oxide,water-SHOJXDKTYKFBRD-UHFFFAOYSA-N,0,CC(=O)C=C(C)C
0.164666666667,,141-79-7,False,False,6,False,"{""inlet_not_single_liquid"": 12}",False,,,,,False,mesityl oxide,water-SHOJXDKTYKFBRD-UHFFFAOYSA-N,0,CC(=O)C=C(C)C
0.184,,141-79-7,False,False,6,False,"{""inlet_not_single_liquid"": 12}",False,,,,,False,mesityl oxide,water-SHOJXDKTYKFBRD-UHFFFAOYSA-N,0,CC(=O)C=C(C)C
0.203333333333,,141-79-7,False,False,6,False,"{""inlet_not_single_liquid"": 12}",False,,,,,False,mesityl oxide,water-SHOJXDKTYKFBRD-UHFFFAOYSA-N,0,CC(=O)C=C(C)C
0.222666666667,,141-79-7,False,False,6,False,"{""inlet_not_single_liquid"": 12}",False,,,,,False,mesityl oxide,water-SHOJXDKTYKFBRD-UHFFFAOYSA-N,0,CC(=O)C=C(C)C
0.242,,141-79-7,False,False,6,False,"{""inlet_not_single_liquid"": 12}",False,,,,,False,mesityl oxide,water-SHOJXDKTYKFBRD-UHFFFAOYSA-N,0,CC(=O)C=C(C)C
0.261333333333,,141-79-7,False,False,6,False,"{""inlet_not_single_liquid"": 12}",False,,,,,False,mesityl oxide,water-SHOJXDKTYKFBRD-UHFFFAOYSA-N,0,CC(=O)C=C(C)C
0.280666666667,,141-79-7,False,False,6,False,"{""inlet_not_single_liquid"": 12}",False,,,,,False,mesityl oxide,water-SHOJXDKTYKFBRD-UHFFFAOYSA-N,0,CC(=O)C=C(C)C
0.3,,141-79-7,False,False,6,False,"{""inlet_not_single_liquid"": 12}",False,,,,,False,mesityl oxide,water-SHOJXDKTYKFBRD-UHFFFAOYSA-N,0,CC(=O)C=C(C)C
0.0001,,123-42-2,True,True,6,False,{},False,1.5906932841591725e-05,0.9999912757273371,0.9999937548017637,0.9999248788354304,False,diacetone alcohol,water-SWXVUIWOUIDPGS-UHFFFAOYSA-N,6,CC(=O)CC(C)(C)O
0.000133352143216,,123-42-2,True,True,6,False,{},False,2.1212064798770136e-05,0.9999883658419978,0.9999916716682709,0.999899824462545,False,diacetone alcohol,water-SWXVUIWOUIDPGS-UHFFFAOYSA-N,6,CC(=O)CC(C)(C)O
0.000177827941004,,123-42-2,True,True,6,False,{},False,2.8286438824687288e-05,0.9999844853283907,0.9999888935891694,0.9998664140325735,False,diacetone alcohol,water-SWXVUIWOUIDPGS-UHFFFAOYSA-N,6,CC(=O)CC(C)(C)O
0.000237137370566,,123-42-2,True,True,6,False,{},False,3.7720031425103606e-05,0.9999793103688235,0.9999851886482353,0.9998218607095211,False,diacetone alcohol,water-SWXVUIWOUIDPGS-UHFFFAOYSA-N,6,CC(=O)CC(C)(C)O
0.000316227766017,,123-42-2,True,True,6,False,{},False,5.029950823731699e-05,0.9999724090740779,0.9999802474735728,0.9997624482564379,False,diacetone alcohol,water-SWXVUIWOUIDPGS-UHFFFAOYSA-N,6,CC(=O)CC(C)(C)O
0.000421696503429,,123-42-2,True,True,6,False,{},False,6.707376125092424e-05,0.9999632053843696,0.9999736573214063,0.9996832211136595,False,diacetone alcohol,water-SWXVUIWOUIDPGS-UHFFFAOYSA-N,6,CC(=O)CC(C)(C)O
0.00056234132519,,123-42-2,True,True,6,False,{},False,8.944125515664147e-05,0.9999509308887302,0.9999648674515519,0.9995775711530025,False,diacetone alcohol,water-SWXVUIWOUIDPGS-UHFFFAOYSA-N,6,CC(=O)CC(C)(C)O
0.000749894209332,,123-42-2,True,True,6,False,{},False,0.0001192664185051262,0.9999345605021323,0.9999531428395956,0.9994366866794625,False,diacetone alcohol,water-SWXVUIWOUIDPGS-UHFFFAOYSA-N,6,CC(=O)CC(C)(C)O
0.001,,123-42-2,True,True,6,False,{},False,0.00015903469889899657,0.999912726562796,0.9999375022458571,0.9992488177943993,False,diacetone alcohol,water-SWXVUIWOUIDPGS-UHFFFAOYSA-N,6,CC(=O)CC(C)(C)O
0.00133352143216,,123-42-2,True,True,6,False,{},False,0.0002120590564583802,0.9998836040609134,0.9999166352633752,0.9989982969748927,False,diacetone alcohol,water-SWXVUIWOUIDPGS-UHFFFAOYSA-N,6,CC(=O)CC(C)(C)O
0.00177827941004,,123-42-2,True,True,6,False,{},False,0.00028275483608319885,0.9998447572177211,0.9998887910476755,0.9986642334099124,False,diacetone alcohol,water-SWXVUIWOUIDPGS-UHFFFAOYSA-N,6,CC(=O)CC(C)(C)O
0.00237137370566,,123-42-2,True,True,6,False,{},False,0.00037700544010177417,0.9997929342761246,0.9998516287723174,0.9982187726064534,False,diacetone alcohol,water-SWXVUIWOUIDPGS-UHFFFAOYSA-N,6,CC(=O)CC(C)(C)O
0.00316227766017,,123-42-2,True,True,6,False,{},False,0.0005026484000097975,0.999723792843761,0.999802016130218,0.997624776845854,False,diacetone alcohol,water-SWXVUIWOUIDPGS-UHFFFAOYSA-N,6,CC(=O)CC(C)(C)O
0.0056234132519,,123-42-2,True,True,6,False,{},False,0.0008933148534370217,0.9995083998917966,0.9996472210704406,0.9957766416976627,False,diacetone alcohol,water-SWXVUIWOUIDPGS-UHFFFAOYSA-N,6,CC(=O)CC(C)(C)O
0.01,,123-42-2,True,True,6,False,{},False,0.0015868679582921041,0.9991245760251118,0.9993704081246841,0.9924911169453817,False,diacetone alcohol,water-SWXVUIWOUIDPGS-UHFFFAOYSA-N,6,CC(=O)CC(C)(C)O
0.0293333333333,,123-42-2,True,True,6,False,{},False,0.004632604059416234,0.9974218833186292,0.9981234348030242,0.9779923693474694,False,diacetone alcohol,water-SWXVUIWOUIDPGS-UHFFFAOYSA-N,6,CC(=O)CC(C)(C)O
0.0486666666667,,123-42-2,True,True,6,False,{},False,0.007648428283991371,0.9957205110616247,0.9968356125420025,0.9635176900783365,False,diacetone alcohol,water-SWXVUIWOUIDPGS-UHFFFAOYSA-N,6,CC(=O)CC(C)(C)O
0.068,,123-42-2,True,True,6,False,{},False,0.010633597168699382,0.9940372759070719,0.9955049018223793,0.9490667978481989,False,diacetone alcohol,water-SWXVUIWOUIDPGS-UHFFFAOYSA-N,6,CC(=O)CC(C)(C)O
0.0873333333333,,123-42-2,True,True,6,False,{},False,0.013587378058781852,0.9923881516723172,0.9941291251362969,0.9346393899564178,False,diacetone alcohol,water-SWXVUIWOUIDPGS-UHFFFAOYSA-N,6,CC(=O)CC(C)(C)O
0.106666666667,,123-42-2,True,True,6,False,{},False,0.01650904060506686,0.9907883259621292,0.99270595512423,0.9202351412437276,False,diacetone alcohol,water-SWXVUIWOUIDPGS-UHFFFAOYSA-N,6,CC(=O)CC(C)(C)O
0.126,,123-42-2,True,True,6,False,{},False,0.01939784720686155,0.9892522495499358,0.99123290146763,0.9058537029915983,False,diacetone alcohol,water-SWXVUIWOUIDPGS-UHFFFAOYSA-N,6,CC(=O)CC(C)(C)O
0.145333333333,,123-42-2,True,True,6,False,{},False,0.022253042290232727,0.9877936778670403,0.9897072963819381,0.8914947017601922,False,diacetone alcohol,water-SWXVUIWOUIDPGS-UHFFFAOYSA-N,6,CC(=O)CC(C)(C)O
0.164666666667,,123-42-2,False,False,6,False,"{""outlet_liquid_liquid_split"": 2}",False,0.006386434602081104,0.986425703747799,0.9881262785333547,0.877157738168577,False,diacetone alcohol,water-SWXVUIWOUIDPGS-UHFFFAOYSA-N,4,CC(=O)CC(C)(C)O
0.184,,123-42-2,False,False,6,False,"{""outlet_liquid_liquid_split"": 2}",False,0.006967603933763056,0.9851607803289715,0.9864867751757871,0.8628423856108959,False,diacetone alcohol,water-SWXVUIWOUIDPGS-UHFFFAOYSA-N,4,CC(=O)CC(C)(C)O
0.203333333333,,123-42-2,False,False,6,False,"{""outlet_liquid_liquid_split"": 2}",False,0.007514662478534717,0.984010732695485,0.9847854822731017,0.848548188895877,False,diacetone alcohol,water-SWXVUIWOUIDPGS-UHFFFAOYSA-N,4,CC(=O)CC(C)(C)O
0.222666666667,,123-42-2,False,False,6,False,"{""inlet_not_single_liquid"": 6}",False,,,,,False,diacetone alcohol,water-SWXVUIWOUIDPGS-UHFFFAOYSA-N,0,CC(=O)CC(C)(C)O
0.242,,123-42-2,False,False,6,False,"{""inlet_not_single_liquid"": 6}",False,,,,,False,diacetone alcohol,water-SWXVUIWOUIDPGS-UHFFFAOYSA-N,0,CC(=O)CC(C)(C)O
0.261333333333,,123-42-2,False,False,6,False,"{""inlet_not_single_liquid"": 6}",False,,,,,False,diacetone alcohol,water-SWXVUIWOUIDPGS-UHFFFAOYSA-N,0,CC(=O)CC(C)(C)O
0.280666666667,,123-42-2,False,False,6,False,"{""inlet_not_single_liquid"": 6}",False,,,,,False,diacetone alcohol,water-SWXVUIWOUIDPGS-UHFFFAOYSA-N,0,CC(=O)CC(C)(C)O
0.3,,123-42-2,False,False,6,False,"{""inlet_not_single_liquid"": 6}",False,,,,,False,diacetone alcohol,water-SWXVUIWOUIDPGS-UHFFFAOYSA-N,0,CC(=O)CC(C)(C)O
0.0001,,100-51-6,True,True,6,False,{},False,6.4995293943548305e-06,1.0002478682138554,1.0000299979712957,0.9999216370996784,False,benzyl alcohol,water-WVDDGKGOMKODPV-UHFFFAOYSA-N,6,OCc1ccccc1
0.000177827941004,,100-51-6,True,True,6,False,{},False,1.152445105145894e-05,1.0004395870082217,1.0000533488581151,0.9998606560281444,False,benzyl alcohol,water-WVDDGKGOMKODPV-UHFFFAOYSA-N,6,OCc1ccccc1
0.000316227766017,,100-51-6,True,True,6,False,{},False,2.0387773538965703e-05,1.0007779552349403,1.0000948820915552,0.999752230113739,False,benzyl alcohol,water-WVDDGKGOMKODPV-UHFFFAOYSA-N,6,OCc1ccccc1
0.00056234132519,,100-51-6,True,True,6,False,{},False,3.5920798564181844e-05,1.0013716418392384,1.0001687677279067,0.9995594674012563,False,benzyl alcohol,water-WVDDGKGOMKODPV-UHFFFAOYSA-N,6,OCc1ccccc1
0.001,,100-51-6,False,False,6,False,"{""inlet_not_single_liquid"": 6}",False,,,,,False,benzyl alcohol,water-WVDDGKGOMKODPV-UHFFFAOYSA-N,0,OCc1ccccc1
0.00177827941004,,100-51-6,False,False,6,False,"{""inlet_not_single_liquid"": 6}",False,,,,,False,benzyl alcohol,water-WVDDGKGOMKODPV-UHFFFAOYSA-N,0,OCc1ccccc1
0.00316227766017,,100-51-6,False,False,6,False,"{""inlet_not_single_liquid"": 6}",False,,,,,False,benzyl alcohol,water-WVDDGKGOMKODPV-UHFFFAOYSA-N,0,OCc1ccccc1
0.0056234132519,,100-51-6,False,False,6,False,"{""inlet_not_single_liquid"": 12}",False,,,,,False,benzyl alcohol,water-WVDDGKGOMKODPV-UHFFFAOYSA-N,0,OCc1ccccc1
0.01,,100-51-6,False,False,6,False,"{""inlet_not_single_liquid"": 12}",False,,,,,False,benzyl alcohol,water-WVDDGKGOMKODPV-UHFFFAOYSA-N,0,OCc1ccccc1
0.0293333333333,,100-51-6,False,False,6,False,"{""inlet_not_single_liquid"": 12}",False,,,,,False,benzyl alcohol,water-WVDDGKGOMKODPV-UHFFFAOYSA-N,0,OCc1ccccc1
0.0486666666667,,100-51-6,False,False,6,False,"{""inlet_not_single_liquid"": 12}",False,,,,,False,benzyl alcohol,water-WVDDGKGOMKODPV-UHFFFAOYSA-N,0,OCc1ccccc1
0.068,,100-51-6,False,False,6,False,"{""inlet_not_single_liquid"": 12}",False,,,,,False,benzyl alcohol,water-WVDDGKGOMKODPV-UHFFFAOYSA-N,0,OCc1ccccc1
0.0873333333333,,100-51-6,False,False,6,False,"{""inlet_not_single_liquid"": 12}",False,,,,,False,benzyl alcohol,water-WVDDGKGOMKODPV-UHFFFAOYSA-N,0,OCc1ccccc1
0.106666666667,,100-51-6,False,False,6,False,"{""inlet_not_single_liquid"": 12}",False,,,,,False,benzyl alcohol,water-WVDDGKGOMKODPV-UHFFFAOYSA-N,0,OCc1ccccc1
0.126,,100-51-6,False,False,6,False,"{""inlet_not_single_liquid"": 12}",False,,,,,False,benzyl alcohol,water-WVDDGKGOMKODPV-UHFFFAOYSA-N,0,OCc1ccccc1
0.145333333333,,100-51-6,False,False,6,False,"{""inlet_not_single_liquid"": 12}",False,,,,,False,benzyl alcohol,water-WVDDGKGOMKODPV-UHFFFAOYSA-N,0,OCc1ccccc1
0.164666666667,,100-51-6,False,False,6,False,"{""inlet_not_single_liquid"": 12}",False,,,,,False,benzyl alcohol,water-WVDDGKGOMKODPV-UHFFFAOYSA-N,0,OCc1ccccc1
0.184,,100-51-6,False,False,6,False,"{""inlet_not_single_liquid"": 12}",False,,,,,False,benzyl alcohol,water-WVDDGKGOMKODPV-UHFFFAOYSA-N,0,OCc1ccccc1
0.203333333333,,100-51-6,False,False,6,False,"{""inlet_not_single_liquid"": 12}",False,,,,,False,benzyl alcohol,water-WVDDGKGOMKODPV-UHFFFAOYSA-N,0,OCc1ccccc1
0.222666666667,,100-51-6,False,False,6,False,"{""inlet_not_single_liquid"": 12}",False,,,,,False,benzyl alcohol,water-WVDDGKGOMKODPV-UHFFFAOYSA-N,0,OCc1ccccc1
0.242,,100-51-6,False,False,6,False,"{""inlet_not_single_liquid"": 12}",False,,,,,False,benzyl alcohol,water-WVDDGKGOMKODPV-UHFFFAOYSA-N,0,OCc1ccccc1
0.261333333333,,100-51-6,False,False,6,False,"{""inlet_not_single_liquid"": 12}",False,,,,,False,benzyl alcohol,water-WVDDGKGOMKODPV-UHFFFAOYSA-N,0,OCc1ccccc1
0.280666666667,,100-51-6,False,False,6,False,"{""inlet_not_single_liquid"": 12}",False,,,,,False,benzyl alcohol,water-WVDDGKGOMKODPV-UHFFFAOYSA-N,0,OCc1ccccc1
0.3,,100-51-6,False,False,6,False,"{""inlet_not_single_liquid"": 12}",False,,,,,False,benzyl alcohol,water-WVDDGKGOMKODPV-UHFFFAOYSA-N,0,OCc1ccccc1
0.0001,,109-99-9,True,True,6,False,{},False,2.9473557607850864e-06,1.007662855536058,0.999981646423052,0.9999180374327452,False,tetrahydrofuran,water-WYURNTSHIVDZCO-UHFFFAOYSA-N,6,C1CCOC1
0.000133352143216,,109-99-9,True,True,6,False,{},False,3.930020067932638e-06,1.0102168460211758,0.9999755245742947,0.9998907015311471,False,tetrahydrofuran,water-WYURNTSHIVDZCO-UHFFFAOYSA-N,6,C1CCOC1
0.000177827941004,,109-99-9,True,True,6,False,{},False,5.24015783154308e-06,1.0136212966572962,0.9999673605394132,0.9998542488093828,False,tetrahydrofuran,water-WYURNTSHIVDZCO-UHFFFAOYSA-N,6,C1CCOC1
0.000316227766017,,109-99-9,True,True,6,False,{},False,9.315099791962211e-06,1.0242054013913198,0.9999419526293135,0.9997408173111664,False,tetrahydrofuran,water-WYURNTSHIVDZCO-UHFFFAOYSA-N,6,C1CCOC1
0.00056234132519,,109-99-9,True,True,6,False,{},False,1.65542114614059e-05,1.0429900500743774,0.999896758823343,0.9995391123087582,False,tetrahydrofuran,water-WYURNTSHIVDZCO-UHFFFAOYSA-N,6,C1CCOC1
0.001,,109-99-9,True,True,6,False,{},False,2.9404383895315078e-05,1.0762781757738553,0.9998163554046042,0.9991804494128668,False,tetrahydrofuran,water-WYURNTSHIVDZCO-UHFFFAOYSA-N,6,C1CCOC1
0.00177827941004,,109-99-9,True,True,6,False,{},False,5.2182937930522755e-05,1.1351078524652356,0.9996732610634671,0.9985427254317826,False,tetrahydrofuran,water-WYURNTSHIVDZCO-UHFFFAOYSA-N,6,C1CCOC1
0.00316227766017,,109-99-9,True,True,6,False,{},False,9.246019309405717e-05,1.238575472153119,0.9994184363375213,0.997408923060951,False,tetrahydrofuran,water-WYURNTSHIVDZCO-UHFFFAOYSA-N,6,C1CCOC1
0.0056234132519,,109-99-9,True,True,6,False,{},False,0.00016336095500846248,1.4189903428730122,0.9989641353660046,0.9953934913768998,False,tetrahydrofuran,water-WYURNTSHIVDZCO-UHFFFAOYSA-N,6,C1CCOC1
0.01,,109-99-9,True,True,6,False,{},False,0.0002871652958200688,1.7287789722466307,0.9981526005211085,0.9918119649799324,False,tetrahydrofuran,water-WYURNTSHIVDZCO-UHFFFAOYSA-N,6,C1CCOC1
0.0293333333333,,109-99-9,True,True,6,False,{},False,0.0007997101665806472,2.9409956572651357,0.9945106368340936,0.9760281577940545,False,tetrahydrofuran,water-WYURNTSHIVDZCO-UHFFFAOYSA-N,6,C1CCOC1
0.0486666666667,,109-99-9,True,True,6,False,{},False,0.001257641581251745,3.9295392955941675,0.9907729257207495,0.9603039550564119,False,tetrahydrofuran,water-WYURNTSHIVDZCO-UHFFFAOYSA-N,6,C1CCOC1
0.068,,109-99-9,True,True,6,False,{},False,0.0016628716971986979,4.730989013286,0.9869356686570024,0.94463749534336,False,tetrahydrofuran,water-WYURNTSHIVDZCO-UHFFFAOYSA-N,6,C1CCOC1
0.0873333333333,,109-99-9,True,True,6,False,{},False,0.002017324358697725,5.376134847168221,0.98299486526626,0.9290269024775545,False,tetrahydrofuran,water-WYURNTSHIVDZCO-UHFFFAOYSA-N,6,C1CCOC1
0.106666666667,,109-99-9,True,True,6,False,{},False,0.05172437624188431,5.890900229206234,0.9789462998758522,0.9134702853986355,False,tetrahydrofuran,water-WYURNTSHIVDZCO-UHFFFAOYSA-N,6,C1CCOC1
0.116333333334,,109-99-9,True,True,6,False,{},False,0.0873098144142953,6.10635356299998,0.9768802266139383,0.90571162272169,False,tetrahydrofuran,water-WYURNTSHIVDZCO-UHFFFAOYSA-N,6,C1CCOC1
0.126,,109-99-9,True,True,6,False,{},False,0.12303563880693102,6.297115276144356,0.9747855269995466,0.8979657380355223,False,tetrahydrofuran,water-WYURNTSHIVDZCO-UHFFFAOYSA-N,6,C1CCOC1
0.135666666667,,109-99-9,True,True,6,False,{},False,0.15889906855915614,6.46538092257202,0.9726616068638911,0.8902323907128823,False,tetrahydrofuran,water-WYURNTSHIVDZCO-UHFFFAOYSA-N,6,C1CCOC1
0.145333333333,,109-99-9,True,True,6,False,{},False,0.16447667568028734,6.6131654781612115,0.9705078556448961,0.882511339175547,False,tetrahydrofuran,water-WYURNTSHIVDZCO-UHFFFAOYSA-N,6,C1CCOC1
0.155,,109-99-9,True,True,6,False,{},False,0.16123103223113755,6.742318199352473,0.9683236458229928,0.8748023408840327,False,tetrahydrofuran,water-WYURNTSHIVDZCO-UHFFFAOYSA-N,6,C1CCOC1
0.164666666667,,109-99-9,False,False,6,False,"{""inlet_not_single_liquid"": 6}",False,,,,,False,tetrahydrofuran,water-WYURNTSHIVDZCO-UHFFFAOYSA-N,0,C1CCOC1
0.184,,109-99-9,False,False,6,False,"{""inlet_not_single_liquid"": 6}",False,,,,,False,tetrahydrofuran,water-WYURNTSHIVDZCO-UHFFFAOYSA-N,0,C1CCOC1
0.203333333333,,109-99-9,False,False,6,False,"{""inlet_not_single_liquid"": 6}",False,,,,,False,tetrahydrofuran,water-WYURNTSHIVDZCO-UHFFFAOYSA-N,0,C1CCOC1
0.222666666667,,109-99-9,False,False,6,False,"{""inlet_not_single_liquid"": 6}",False,,,,,False,tetrahydrofuran,water-WYURNTSHIVDZCO-UHFFFAOYSA-N,0,C1CCOC1
0.242,,109-99-9,False,False,6,False,"{""inlet_not_single_liquid"": 6}",False,,,,,False,tetrahydrofuran,water-WYURNTSHIVDZCO-UHFFFAOYSA-N,0,C1CCOC1
0.261333333333,,109-99-9,False,False,6,False,"{""inlet_not_single_liquid"": 6}",False,,,,,False,tetrahydrofuran,water-WYURNTSHIVDZCO-UHFFFAOYSA-N,0,C1CCOC1
0.280666666667,,109-99-9,False,False,6,False,"{""inlet_not_single_liquid"": 6}",False,,,,,False,tetrahydrofuran,water-WYURNTSHIVDZCO-UHFFFAOYSA-N,0,C1CCOC1
0.3,,109-99-9,False,False,6,False,"{""inlet_not_single_liquid"": 6}",False,,,,,False,tetrahydrofuran,water-WYURNTSHIVDZCO-UHFFFAOYSA-N,0,C1CCOC1
0.0001,,141-78-6,True,True,6,False,{},False,2.38403810233212e-05,1.00584745094261,0.9999838478314826,0.9999182874347545,False,ethyl acetate,water-XEKOWRVHYACXOJ-UHFFFAOYSA-N,6,CCOC(C)=O
0.000177827941004,,141-78-6,True,True,6,False,{},False,4.23944740151061e-05,1.0103961277278306,0.9999712753332582,0.9998546928217504,False,ethyl acetate,water-XEKOWRVHYACXOJ-UHFFFAOYSA-N,6,CCOC(C)=O
0.000316227766017,,141-78-6,True,True,6,False,{},False,7.538800275341817e-05,1.0184800310489697,0.9999489144623497,0.9997416051153647,False,ethyl acetate,water-XEKOWRVHYACXOJ-UHFFFAOYSA-N,6,CCOC(C)=O
0.00056234132519,,141-78-6,True,True,6,False,{},False,0.0001340570773942229,1.032839935860965,0.9999091396530121,0.9995405076374024,False,ethyl acetate,water-XEKOWRVHYACXOJ-UHFFFAOYSA-N,6,CCOC(C)=O
0.001,,141-78-6,True,True,6,False,{},False,0.00023837871616949613,1.0583267833489147,0.9998383743350691,0.9991829129767642,False,ethyl acetate,water-XEKOWRVHYACXOJ-UHFFFAOYSA-N,6,CCOC(C)=O
0.00177827941004,,141-78-6,True,True,6,False,{},False,0.00042386512799752474,1.1034945946503032,0.9997124243191292,0.9985470503658399,False,ethyl acetate,water-XEKOWRVHYACXOJ-UHFFFAOYSA-N,6,CCOC(C)=O
0.00316227766017,,141-78-6,True,True,6,False,{},False,0.0007536268211759678,1.1833271602132993,0.9994881030618404,0.9974164373755313,False,ethyl acetate,water-XEKOWRVHYACXOJ-UHFFFAOYSA-N,6,CCOC(C)=O
0.0056234132519,,141-78-6,True,True,6,False,{},False,0.0013397618951812573,1.323755603075152,0.9990880964523278,0.9954062974594531,False,ethyl acetate,water-XEKOWRVHYACXOJ-UHFFFAOYSA-N,6,CCOC(C)=O
0.01,,141-78-6,True,True,6,False,{},False,0.002381183192102232,1.5686656252756535,0.9983732715873554,0.9918329897230787,False,ethyl acetate,water-XEKOWRVHYACXOJ-UHFFFAOYSA-N,6,CCOC(C)=O
0.0293333333333,,141-78-6,True,True,6,False,{},False,0.006966670142653841,2.579094461907606,0.9951609194769917,0.97606770241007,False,ethyl acetate,water-XEKOWRVHYACXOJ-UHFFFAOYSA-N,6,CCOC(C)=O
0.0486666666667,,141-78-6,True,True,6,False,{},False,0.0210926333140129,3.478864784257095,0.9918566118141334,0.9603342620347883,False,ethyl acetate,water-XEKOWRVHYACXOJ-UHFFFAOYSA-N,6,CCOC(C)=O
0.068,,141-78-6,False,False,6,False,"{""outlet_liquid_liquid_split"": 1}",False,0.08734836167848825,4.2755816926224695,0.9884563619277146,0.9446324810075217,False,ethyl acetate,water-XEKOWRVHYACXOJ-UHFFFAOYSA-N,5,CCOC(C)=O
0.0873333333333,,141-78-6,False,False,6,False,"{""inlet_not_single_liquid"": 6}",False,,,,,False,ethyl acetate,water-XEKOWRVHYACXOJ-UHFFFAOYSA-N,0,CCOC(C)=O
0.106666666667,,141-78-6,False,False,6,False,"{""inlet_not_single_liquid"": 6}",False,,,,,False,ethyl acetate,water-XEKOWRVHYACXOJ-UHFFFAOYSA-N,0,CCOC(C)=O
0.126,,141-78-6,False,False,6,False,"{""inlet_not_single_liquid"": 6}",False,,,,,False,ethyl acetate,water-XEKOWRVHYACXOJ-UHFFFAOYSA-N,0,CCOC(C)=O
0.145333333333,,141-78-6,False,False,6,False,"{""inlet_not_single_liquid"": 6}",False,,,,,False,ethyl acetate,water-XEKOWRVHYACXOJ-UHFFFAOYSA-N,0,CCOC(C)=O
0.164666666667,,141-78-6,False,False,6,False,"{""inlet_not_single_liquid"": 6}",False,,,,,False,ethyl acetate,water-XEKOWRVHYACXOJ-UHFFFAOYSA-N,0,CCOC(C)=O
0.184,,141-78-6,False,False,6,False,"{""inlet_not_single_liquid"": 6}",False,,,,,False,ethyl acetate,water-XEKOWRVHYACXOJ-UHFFFAOYSA-N,0,CCOC(C)=O
0.203333333333,,141-78-6,False,False,6,False,"{""inlet_not_single_liquid"": 6}",False,,,,,False,ethyl acetate,water-XEKOWRVHYACXOJ-UHFFFAOYSA-N,0,CCOC(C)=O
0.222666666667,,141-78-6,False,False,6,False,"{""inlet_not_single_liquid"": 6}",False,,,,,False,ethyl acetate,water-XEKOWRVHYACXOJ-UHFFFAOYSA-N,0,CCOC(C)=O
0.242,,141-78-6,False,False,6,False,"{""inlet_not_single_liquid"": 6}",False,,,,,False,ethyl acetate,water-XEKOWRVHYACXOJ-UHFFFAOYSA-N,0,CCOC(C)=O
0.261333333333,,141-78-6,False,False,6,False,"{""inlet_not_single_liquid"": 6}",False,,,,,False,ethyl acetate,water-XEKOWRVHYACXOJ-UHFFFAOYSA-N,0,CCOC(C)=O
0.280666666667,,141-78-6,False,False,6,False,"{""inlet_not_single_liquid"": 12}",False,,,,,False,ethyl acetate,water-XEKOWRVHYACXOJ-UHFFFAOYSA-N,0,CCOC(C)=O
0.3,,141-78-6,False,False,6,False,"{""inlet_not_single_liquid"": 12}",False,,,,,False,ethyl acetate,water-XEKOWRVHYACXOJ-UHFFFAOYSA-N,0,CCOC(C)=O
0.0001,,108-20-3,True,True,6,False,{},False,4.2288978073456995e-05,1.3014108787167809,0.999980924950683,0.9999129215053971,False,diisopropyl ether,water-ZAFNJMIOTHYJRJ-UHFFFAOYSA-N,6,CC(C)OC(C)C
0.000177827941004,,108-20-3,True,True,6,False,{},False,7.496037636112174e-05,1.5356796079702337,0.9999660773095713,0.9998451882674569,False,diisopropyl ether,water-ZAFNJMIOTHYJRJ-UHFFFAOYSA-N,6,CC(C)OC(C)C
0.000316227766017,,108-20-3,True,True,6,False,{},False,0.00013254108034288503,1.9515985617575806,0.9999396698961215,0.9997248217789414,False,diisopropyl ether,water-ZAFNJMIOTHYJRJ-UHFFFAOYSA-N,6,CC(C)OC(C)C
0.00056234132519,,108-20-3,False,False,6,False,"{""inlet_not_single_liquid"": 6}",False,,,,,False,diisopropyl ether,water-ZAFNJMIOTHYJRJ-UHFFFAOYSA-N,0,CC(C)OC(C)C
0.001,,108-20-3,False,False,6,False,"{""inlet_not_single_liquid"": 6}",False,,,,,False,diisopropyl ether,water-ZAFNJMIOTHYJRJ-UHFFFAOYSA-N,0,CC(C)OC(C)C
0.00177827941004,,108-20-3,False,False,6,False,"{""inlet_not_single_liquid"": 6}",False,,,,,False,diisopropyl ether,water-ZAFNJMIOTHYJRJ-UHFFFAOYSA-N,0,CC(C)OC(C)C
0.00316227766017,,108-20-3,False,False,6,False,"{""inlet_not_single_liquid"": 12}",False,,,,,False,diisopropyl ether,water-ZAFNJMIOTHYJRJ-UHFFFAOYSA-N,0,CC(C)OC(C)C
0.0056234132519,,108-20-3,False,False,6,False,"{""inlet_not_single_liquid"": 12}",False,,,,,False,diisopropyl ether,water-ZAFNJMIOTHYJRJ-UHFFFAOYSA-N,0,CC(C)OC(C)C
0.01,,108-20-3,False,False,6,False,"{""inlet_not_single_liquid"": 12}",False,,,,,False,diisopropyl ether,water-ZAFNJMIOTHYJRJ-UHFFFAOYSA-N,0,CC(C)OC(C)C
0.0293333333333,,108-20-3,False,False,6,False,"{""inlet_not_single_liquid"": 12}",False,,,,,False,diisopropyl ether,water-ZAFNJMIOTHYJRJ-UHFFFAOYSA-N,0,CC(C)OC(C)C
0.0486666666667,,108-20-3,False,False,6,False,"{""inlet_not_single_liquid"": 12}",False,,,,,False,diisopropyl ether,water-ZAFNJMIOTHYJRJ-UHFFFAOYSA-N,0,CC(C)OC(C)C
0.068,,108-20-3,False,False,6,False,"{""inlet_not_single_liquid"": 12}",False,,,,,False,diisopropyl ether,water-ZAFNJMIOTHYJRJ-UHFFFAOYSA-N,0,CC(C)OC(C)C
0.0873333333333,,108-20-3,False,False,6,False,"{""inlet_not_single_liquid"": 12}",False,,,,,False,diisopropyl ether,water-ZAFNJMIOTHYJRJ-UHFFFAOYSA-N,0,CC(C)OC(C)C
0.106666666667,,108-20-3,False,False,6,False,"{""inlet_not_single_liquid"": 12}",False,,,,,False,diisopropyl ether,water-ZAFNJMIOTHYJRJ-UHFFFAOYSA-N,0,CC(C)OC(C)C
0.126,,108-20-3,False,False,6,False,"{""inlet_not_single_liquid"": 12}",False,,,,,False,diisopropyl ether,water-ZAFNJMIOTHYJRJ-UHFFFAOYSA-N,0,CC(C)OC(C)C
0.145333333333,,108-20-3,False,False,6,False,"{""inlet_not_single_liquid"": 12}",False,,,,,False,diisopropyl ether,water-ZAFNJMIOTHYJRJ-UHFFFAOYSA-N,0,CC(C)OC(C)C
0.164666666667,,108-20-3,False,False,6,False,"{""inlet_not_single_liquid"": 12}",False,,,,,False,diisopropyl ether,water-ZAFNJMIOTHYJRJ-UHFFFAOYSA-N,0,CC(C)OC(C)C
0.184,,108-20-3,False,False,6,False,"{""inlet_not_single_liquid"": 12}",False,,,,,False,diisopropyl ether,water-ZAFNJMIOTHYJRJ-UHFFFAOYSA-N,0,CC(C)OC(C)C
0.203333333333,,108-20-3,False,False,6,False,"{""inlet_not_single_liquid"": 12}",False,,,,,False,diisopropyl ether,water-ZAFNJMIOTHYJRJ-UHFFFAOYSA-N,0,CC(C)OC(C)C
0.222666666667,,108-20-3,False,False,6,False,"{""inlet_not_single_liquid"": 12}",False,,,,,False,diisopropyl ether,water-ZAFNJMIOTHYJRJ-UHFFFAOYSA-N,0,CC(C)OC(C)C
0.242,,108-20-3,False,False,6,False,"{""inlet_not_single_liquid"": 12}",False,,,,,False,diisopropyl ether,water-ZAFNJMIOTHYJRJ-UHFFFAOYSA-N,0,CC(C)OC(C)C
0.261333333333,,108-20-3,False,False,6,False,"{""inlet_not_single_liquid"": 12}",False,,,,,False,diisopropyl ether,water-ZAFNJMIOTHYJRJ-UHFFFAOYSA-N,0,CC(C)OC(C)C
0.280666666667,,108-20-3,False,False,6,False,"{""inlet_not_single_liquid"": 12}",False,,,,,False,diisopropyl ether,water-ZAFNJMIOTHYJRJ-UHFFFAOYSA-N,0,CC(C)OC(C)C
0.3,,108-20-3,False,False,6,False,"{""inlet_not_single_liquid"": 12}",False,,,,,False,diisopropyl ether,water-ZAFNJMIOTHYJRJ-UHFFFAOYSA-N,0,CC(C)OC(C)C
0.0001,,111-27-3,True,True,6,False,{},False,2.448478117667019e-05,1.0001631833468065,1.0000293550737647,0.9999271338616733,False,1-hexanol,water-ZSIAUFGUXNUGDI-UHFFFAOYSA-N,6,CCCCCCO
0.000133352143216,,111-27-3,True,True,6,False,{},False,3.26511430015497e-05,1.0002175601142578,1.0000391468871712,0.9999028315792211,False,1-hexanol,water-ZSIAUFGUXNUGDI-UHFFFAOYSA-N,6,CCCCCCO
0.000177827941004,,111-27-3,True,True,6,False,{},False,4.3541287883197555e-05,1.0002900350711703,1.0000522054665821,0.9998704240708527,False,1-hexanol,water-ZSIAUFGUXNUGDI-UHFFFAOYSA-N,6,CCCCCCO
0.000316227766017,,111-27-3,True,True,6,False,{},False,7.743017251848894e-05,1.0005152877679007,1.0000928483788045,0.9997695791351224,False,1-hexanol,water-ZSIAUFGUXNUGDI-UHFFFAOYSA-N,6,CCCCCCO
0.00056234132519,,111-27-3,True,True,6,False,{},False,0.00013769751843017985,1.0009148234798442,1.000165149816376,0.999590251564668,False,1-hexanol,water-ZSIAUFGUXNUGDI-UHFFFAOYSA-N,6,CCCCCCO
0.001,,111-27-3,True,True,6,False,{},False,0.0002448805192477588,1.0016220723143436,1.0002938073713892,0.9992713662196282,False,1-hexanol,water-ZSIAUFGUXNUGDI-UHFFFAOYSA-N,6,CCCCCCO
0.00177827941004,,111-27-3,True,True,6,False,{},False,0.0004355157328215231,1.002869570716901,1.0005228668831616,0.9987043280270779,False,1-hexanol,water-ZSIAUFGUXNUGDI-UHFFFAOYSA-N,6,CCCCCCO
0.00316227766017,,111-27-3,True,True,6,False,{},False,0.0007746237368525533,1.0050560325226827,1.0009310560214104,0.9976960676485376,False,1-hexanol,water-ZSIAUFGUXNUGDI-UHFFFAOYSA-N,6,CCCCCCO
0.00421696503429,,111-27-3,True,True,6,False,{},False,0.0010331323792635017,1.0066950858428845,1.0012428590882432,0.9969277935881624,False,1-hexanol,water-ZSIAUFGUXNUGDI-UHFFFAOYSA-N,6,CCCCCCO
0.0056234132519,,111-27-3,True,True,6,False,{},False,0.0013779752355562724,1.0088447154330327,1.0016596535965336,0.9959033903427928,False,1-hexanol,water-ZSIAUFGUXNUGDI-UHFFFAOYSA-N,6,CCCCCCO
0.00749894209332,,111-27-3,True,True,6,False,{},False,0.0018380305974837752,1.0116480504695635,1.002217240972584,0.9945375167029091,False,1-hexanol,water-ZSIAUFGUXNUGDI-UHFFFAOYSA-N,6,CCCCCCO
0.01,,111-27-3,True,True,6,False,{},False,0.002451864946536042,1.0152760554537485,1.0029639841280593,0.9927164336792447,False,1-hexanol,water-ZSIAUFGUXNUGDI-UHFFFAOYSA-N,6,CCCCCCO
0.0196666666666,,111-27-3,False,False,6,False,"{""inlet_not_single_liquid"": 6}",False,,,,,False,1-hexanol,water-ZSIAUFGUXNUGDI-UHFFFAOYSA-N,0,CCCCCCO
0.0293333333333,,111-27-3,False,False,6,False,"{""inlet_not_single_liquid"": 6}",False,,,,,False,1-hexanol,water-ZSIAUFGUXNUGDI-UHFFFAOYSA-N,0,CCCCCCO
0.0486666666667,,111-27-3,False,False,6,False,"{""inlet_not_single_liquid"": 6}",False,,,,,False,1-hexanol,water-ZSIAUFGUXNUGDI-UHFFFAOYSA-N,0,CCCCCCO
0.068,,111-27-3,False,False,6,False,"{""inlet_not_single_liquid"": 6}",False,,,,,False,1-hexanol,water-ZSIAUFGUXNUGDI-UHFFFAOYSA-N,0,CCCCCCO
0.0873333333333,,111-27-3,False,False,6,False,"{""inlet_not_single_liquid"": 12}",False,,,,,False,1-hexanol,water-ZSIAUFGUXNUGDI-UHFFFAOYSA-N,0,CCCCCCO
0.106666666667,,111-27-3,False,False,6,False,"{""inlet_not_single_liquid"": 12}",False,,,,,False,1-hexanol,water-ZSIAUFGUXNUGDI-UHFFFAOYSA-N,0,CCCCCCO
0.126,,111-27-3,False,False,6,False,"{""inlet_not_single_liquid"": 12}",False,,,,,False,1-hexanol,water-ZSIAUFGUXNUGDI-UHFFFAOYSA-N,0,CCCCCCO
0.145333333333,,111-27-3,False,False,6,False,"{""inlet_not_single_liquid"": 12}",False,,,,,False,1-hexanol,water-ZSIAUFGUXNUGDI-UHFFFAOYSA-N,0,CCCCCCO
0.164666666667,,111-27-3,False,False,6,False,"{""inlet_not_single_liquid"": 12}",False,,,,,False,1-hexanol,water-ZSIAUFGUXNUGDI-UHFFFAOYSA-N,0,CCCCCCO
0.184,,111-27-3,False,False,6,False,"{""inlet_not_single_liquid"": 12}",False,,,,,False,1-hexanol,water-ZSIAUFGUXNUGDI-UHFFFAOYSA-N,0,CCCCCCO
0.203333333333,,111-27-3,False,False,6,False,"{""inlet_not_single_liquid"": 12}",False,,,,,False,1-hexanol,water-ZSIAUFGUXNUGDI-UHFFFAOYSA-N,0,CCCCCCO
0.222666666667,,111-27-3,False,False,6,False,"{""inlet_not_single_liquid"": 12}",False,,,,,False,1-hexanol,water-ZSIAUFGUXNUGDI-UHFFFAOYSA-N,0,CCCCCCO
0.242,,111-27-3,False,False,6,False,"{""inlet_not_single_liquid"": 12}",False,,,,,False,1-hexanol,water-ZSIAUFGUXNUGDI-UHFFFAOYSA-N,0,CCCCCCO
0.261333333333,,111-27-3,False,False,6,False,"{""inlet_not_single_liquid"": 12}",False,,,,,False,1-hexanol,water-ZSIAUFGUXNUGDI-UHFFFAOYSA-N,0,CCCCCCO
0.280666666667,,111-27-3,False,False,6,False,"{""inlet_not_single_liquid"": 12}",False,,,,,False,1-hexanol,water-ZSIAUFGUXNUGDI-UHFFFAOYSA-N,0,CCCCCCO
0.3,,111-27-3,False,False,6,False,"{""inlet_not_single_liquid"": 12}",False,,,,,False,1-hexanol,water-ZSIAUFGUXNUGDI-UHFFFAOYSA-N,0,CCCCCCO
0.0001,,78-93-3,True,True,6,False,{},False,2.3884148144470707e-05,1.0048628109587108,0.9999780968995357,0.9999201816367881,False,2-butanone,water-ZWEHNKRNPOVVGH-UHFFFAOYSA-N,6,CCC(C)=O
0.000133352143216,,78-93-3,True,True,6,False,{},False,3.184931521837964e-05,1.0064837598161527,0.9999707911219556,0.9998935607796987,False,2-butanone,water-ZWEHNKRNPOVVGH-UHFFFAOYSA-N,6,CCC(C)=O
0.000177827941004,,78-93-3,True,True,6,False,{},False,4.247048506178519e-05,1.0086446274941963,0.9999610482251647,0.9998580615123674,False,2-butanone,water-ZWEHNKRNPOVVGH-UHFFFAOYSA-N,6,CCC(C)=O
0.000316227766017,,78-93-3,True,True,6,False,{},False,7.551742055333932e-05,1.0153636842131657,0.9999307267180056,0.999747596442744,False,2-butanone,water-ZWEHNKRNPOVVGH-UHFFFAOYSA-N,6,CCC(C)=O
0.00056234132519,,78-93-3,True,True,6,False,{},False,0.0001342690402773572,1.027292870098227,0.9998767933189266,0.9995511645925128,False,2-butanone,water-ZWEHNKRNPOVVGH-UHFFFAOYSA-N,6,CCC(C)=O
0.001,,78-93-3,True,True,6,False,{},False,0.00023869820823829713,1.048445773086113,0.999780842626026,0.9992018725603419,False,2-butanone,water-ZWEHNKRNPOVVGH-UHFFFAOYSA-N,6,CCC(C)=O
0.00177827941004,,78-93-3,True,True,6,False,{},False,0.00042425190693640147,1.0858707833204557,0.9996100824194825,0.9985807927991731,False,2-butanone,water-ZWEHNKRNPOVVGH-UHFFFAOYSA-N,6,CCC(C)=O
0.00316227766017,,78-93-3,True,True,6,False,{},False,0.000753742580808181,1.151823182433588,0.9993060015763002,0.9974765261702248,False,2-butanone,water-ZWEHNKRNPOVVGH-UHFFFAOYSA-N,6,CCC(C)=O
0.0056234132519,,78-93-3,True,True,6,False,{},False,0.0013381672012978685,1.2672280911286788,0.9987639241019105,0.9955134216543607,False,2-butanone,water-ZWEHNKRNPOVVGH-UHFFFAOYSA-N,6,CCC(C)=O
0.01,,78-93-3,True,True,6,False,{},False,0.0023727009863561133,1.4666238375545413,0.9977957094601391,0.9920243372314301,False,2-butanone,water-ZWEHNKRNPOVVGH-UHFFFAOYSA-N,6,CCC(C)=O
0.0293333333333,,78-93-3,True,True,6,False,{},False,0.006870778015489409,2.2632850272183394,0.9934524823351969,0.9766399415549191,False,2-butanone,water-ZWEHNKRNPOVVGH-UHFFFAOYSA-N,6,CCC(C)=O
0.0486666666667,,78-93-3,True,True,6,False,{},False,0.011253289962353863,2.935434248313034,0.9889982688995356,0.9613016370374987,False,2-butanone,water-ZWEHNKRNPOVVGH-UHFFFAOYSA-N,6,CCC(C)=O
0.068,,78-93-3,True,True,6,False,{},False,0.015522603071236651,3.498670205428835,0.9844288066509677,0.9460090008486548,False,2-butanone,water-ZWEHNKRNPOVVGH-UHFFFAOYSA-N,6,CCC(C)=O
0.0776666666667,,78-93-3,True,True,6,False,{},False,0.017615561628271714,3.7438330335567627,0.9820994659261817,0.9383796682571203,False,2-butanone,water-ZWEHNKRNPOVVGH-UHFFFAOYSA-N,6,CCC(C)=O
0.0873333333333,,78-93-3,True,True,6,False,{},False,0.019681126292411477,3.9668289046044394,0.9797396149886336,0.9307615808395054,False,2-butanone,water-ZWEHNKRNPOVVGH-UHFFFAOYSA-N,6,CCC(C)=O
0.0970000000001,,78-93-3,True,True,6,False,{},False,0.02171960214773838,4.169142779947952,0.9773486574078831,0.9231546773086569,False,2-butanone,water-ZWEHNKRNPOVVGH-UHFFFAOYSA-N,6,CCC(C)=O
0.106666666667,,78-93-3,True,True,6,False,{},False,0.023731294774767098,4.352171923473121,0.9749259813304398,0.9155588944008218,False,2-butanone,water-ZWEHNKRNPOVVGH-UHFFFAOYSA-N,6,CCC(C)=O
0.116333333334,,78-93-3,False,False,6,False,"{""inlet_not_single_liquid"": 6}",False,,,,,False,2-butanone,water-ZWEHNKRNPOVVGH-UHFFFAOYSA-N,0,CCC(C)=O
0.126,,78-93-3,False,False,6,False,"{""inlet_not_single_liquid"": 6}",False,,,,,False,2-butanone,water-ZWEHNKRNPOVVGH-UHFFFAOYSA-N,0,CCC(C)=O
0.145333333333,,78-93-3,False,False,6,False,"{""inlet_not_single_liquid"": 6}",False,,,,,False,2-butanone,water-ZWEHNKRNPOVVGH-UHFFFAOYSA-N,0,CCC(C)=O
0.164666666667,,78-93-3,False,False,6,False,"{""inlet_not_single_liquid"": 6}",False,,,,,False,2-butanone,water-ZWEHNKRNPOVVGH-UHFFFAOYSA-N,0,CCC(C)=O
0.184,,78-93-3,False,False,6,False,"{""inlet_not_single_liquid"": 6}",False,,,,,False,2-butanone,water-ZWEHNKRNPOVVGH-UHFFFAOYSA-N,0,CCC(C)=O
0.203333333333,,78-93-3,False,False,6,False,"{""inlet_not_single_liquid"": 6}",False,,,,,False,2-butanone,water-ZWEHNKRNPOVVGH-UHFFFAOYSA-N,0,CCC(C)=O
0.222666666667,,78-93-3,False,False,6,False,"{""inlet_not_single_liquid"": 6}",False,,,,,False,2-butanone,water-ZWEHNKRNPOVVGH-UHFFFAOYSA-N,0,CCC(C)=O
0.242,,78-93-3,False,False,6,False,"{""inlet_not_single_liquid"": 6}",False,,,,,False,2-butanone,water-ZWEHNKRNPOVVGH-UHFFFAOYSA-N,0,CCC(C)=O
0.261333333333,,78-93-3,False,False,6,False,"{""inlet_not_single_liquid"": 6, ""outlet_liquid_liquid_split"": 1}",False,,,,,False,2-butanone,water-ZWEHNKRNPOVVGH-UHFFFAOYSA-N,0,CCC(C)=O
0.280666666667,,78-93-3,False,False,6,False,"{""inlet_not_single_liquid"": 12}",False,,,,,False,2-butanone,water-ZWEHNKRNPOVVGH-UHFFFAOYSA-N,0,CCC(C)=O
0.3,,78-93-3,False,False,6,False,"{""inlet_not_single_liquid"": 12}",False,,,,,False,2-butanone,water-ZWEHNKRNPOVVGH-UHFFFAOYSA-N,0,CCC(C)=O
0.0001,,78-83-1,True,True,6,False,{},False,1.9879782825471537e-05,1.0015120424081612,1.0000332200818667,0.9999274384416359,False,2-methyl-1-propanol,water-ZXEKIIBDNHEJCQ-UHFFFAOYSA-N,6,CC(C)CO
0.000133352143216,,78-83-1,True,True,6,False,{},False,2.6506529011705027e-05,1.0020154596639832,1.0000443010550863,0.9999032386788047,False,2-methyl-1-propanol,water-ZXEKIIBDNHEJCQ-UHFFFAOYSA-N,6,CC(C)CO
0.000177827941004,,78-83-1,True,True,6,False,{},False,3.53406466772066e-05,1.0026860924456973,1.0000590788320616,0.9998709686105176,False,2-methyl-1-propanol,water-ZXEKIIBDNHEJCQ-UHFFFAOYSA-N,6,CC(C)CO
0.000316227766017,,78-83-1,True,True,6,False,{},False,6.281027277654783e-05,1.0047679686726056,1.000105072095496,0.9997705566816093,False,2-methyl-1-propanol,water-ZXEKIIBDNHEJCQ-UHFFFAOYSA-N,6,CC(C)CO
0.00056234132519,,78-83-1,True,True,6,False,{},False,0.00011158281783762991,1.0084514973951488,1.000186890012074,0.9995920189959021,False,2-methyl-1-propanol,water-ZXEKIIBDNHEJCQ-UHFFFAOYSA-N,6,CC(C)CO
0.001,,78-83-1,True,True,6,False,{},False,0.00019807395364557223,1.0149433165241202,1.0003324770402067,0.9992746010463596,False,2-methyl-1-propanol,water-ZXEKIIBDNHEJCQ-UHFFFAOYSA-N,6,CC(C)CO
0.00177827941004,,78-83-1,True,True,6,False,{},False,0.00035112383302648986,1.0263046627108277,1.0005916624936695,0.9987103702014591,False,2-methyl-1-propanol,water-ZXEKIIBDNHEJCQ-UHFFFAOYSA-N,6,CC(C)CO
0.00316227766017,,78-83-1,True,True,6,False,{},False,0.000620920609899156,1.045941730072384,1.0010534891860197,0.9977077247989888,False,2-methyl-1-propanol,water-ZXEKIIBDNHEJCQ-UHFFFAOYSA-N,6,CC(C)CO
0.00421696503429,,78-83-1,True,True,6,False,{},False,0.0008245073719149731,1.060431705826348,1.0014062232909984,0.9969442615953308,False,2-methyl-1-propanol,water-ZXEKIIBDNHEJCQ-UHFFFAOYSA-N,6,CC(C)CO
0.0056234132519,,78-83-1,True,True,6,False,{},False,0.00109331875344032,1.079134975487285,1.0018776757802714,0.9959269842972938,False,2-methyl-1-propanol,water-ZXEKIIBDNHEJCQ-UHFFFAOYSA-N,6,CC(C)CO
0.00749894209332,,78-83-1,True,True,6,False,{},False,0.0014470948730137545,1.1030120925656588,1.0025082852651512,0.9945718663001739,False,2-methyl-1-propanol,water-ZXEKIIBDNHEJCQ-UHFFFAOYSA-N,6,CC(C)CO
0.01,,78-83-1,True,True,6,False,{},False,0.0019106852627138737,1.1330456246352774,1.0033526445214909,0.9927673295560153,False,2-methyl-1-propanol,water-ZXEKIIBDNHEJCQ-UHFFFAOYSA-N,6,CC(C)CO
0.0196666666666,,78-83-1,True,True,6,False,{},False,0.0036187295176185463,1.231734830303848,1.0066534356306382,0.9858194370257721,False,2-methyl-1-propanol,water-ZXEKIIBDNHEJCQ-UHFFFAOYSA-N,6,CC(C)CO
0.0293333333333,,78-83-1,False,False,6,False,"{""inlet_not_single_liquid"": 6}",False,,,,,False,2-methyl-1-propanol,water-ZXEKIIBDNHEJCQ-UHFFFAOYSA-N,0,CC(C)CO
0.0486666666667,,78-83-1,False,False,6,False,"{""inlet_not_single_liquid"": 6}",False,,,,,False,2-methyl-1-propanol,water-ZXEKIIBDNHEJCQ-UHFFFAOYSA-N,0,CC(C)CO
0.068,,78-83-1,False,False,6,False,"{""inlet_not_single_liquid"": 6}",False,,,,,False,2-methyl-1-propanol,water-ZXEKIIBDNHEJCQ-UHFFFAOYSA-N,0,CC(C)CO
0.0873333333333,,78-83-1,False,False,6,False,"{""inlet_not_single_liquid"": 6}",False,,,,,False,2-methyl-1-propanol,water-ZXEKIIBDNHEJCQ-UHFFFAOYSA-N,0,CC(C)CO
0.106666666667,,78-83-1,False,False,6,False,"{""inlet_not_single_liquid"": 6}",False,,,,,False,2-methyl-1-propanol,water-ZXEKIIBDNHEJCQ-UHFFFAOYSA-N,0,CC(C)CO
0.126,,78-83-1,False,False,6,False,"{""inlet_not_single_liquid"": 12}",False,,,,,False,2-methyl-1-propanol,water-ZXEKIIBDNHEJCQ-UHFFFAOYSA-N,0,CC(C)CO
0.145333333333,,78-83-1,False,False,6,False,"{""inlet_not_single_liquid"": 12}",False,,,,,False,2-methyl-1-propanol,water-ZXEKIIBDNHEJCQ-UHFFFAOYSA-N,0,CC(C)CO
0.164666666667,,78-83-1,False,False,6,False,"{""inlet_not_single_liquid"": 12}",False,,,,,False,2-methyl-1-propanol,water-ZXEKIIBDNHEJCQ-UHFFFAOYSA-N,0,CC(C)CO
0.184,,78-83-1,False,False,6,False,"{""inlet_not_single_liquid"": 12}",False,,,,,False,2-methyl-1-propanol,water-ZXEKIIBDNHEJCQ-UHFFFAOYSA-N,0,CC(C)CO
0.203333333333,,78-83-1,False,False,6,False,"{""inlet_not_single_liquid"": 12}",False,,,,,False,2-methyl-1-propanol,water-ZXEKIIBDNHEJCQ-UHFFFAOYSA-N,0,CC(C)CO
0.222666666667,,78-83-1,False,False,6,False,"{""inlet_not_single_liquid"": 12}",False,,,,,False,2-methyl-1-propanol,water-ZXEKIIBDNHEJCQ-UHFFFAOYSA-N,0,CC(C)CO
0.242,,78-83-1,False,False,6,False,"{""inlet_not_single_liquid"": 12}",False,,,,,False,2-methyl-1-propanol,water-ZXEKIIBDNHEJCQ-UHFFFAOYSA-N,0,CC(C)CO
0.261333333333,,78-83-1,False,False,6,False,"{""inlet_not_single_liquid"": 12}",False,,,,,False,2-methyl-1-propanol,water-ZXEKIIBDNHEJCQ-UHFFFAOYSA-N,0,CC(C)CO
0.280666666667,,78-83-1,False,False,6,False,"{""inlet_not_single_liquid"": 12}",False,,,,,False,2-methyl-1-propanol,water-ZXEKIIBDNHEJCQ-UHFFFAOYSA-N,0,CC(C)CO
0.3,,78-83-1,False,False,6,False,"{""inlet_not_single_liquid"": 12}",False,,,,,False,2-methyl-1-propanol,water-ZXEKIIBDNHEJCQ-UHFFFAOYSA-N,0,CC(C)CO
